{
	"credit": "Made with Blockbench",
	"texture_size": [128, 128],
	"textures": {
		"0": "custom:item/decoration/beach_umbrella",
		"particle": "custom:item/decoration/beach_umbrella"
	},
	"elements": [
		{
			"from": [7, -16, 15.35986],
			"to": [9, 5, 17.35986],
			"rotation": {"angle": -22.5, "axis": "x", "origin": [8, -16.02787, 11.10986]},
			"faces": {
				"north": {"uv": [6.5, 10, 6.75, 12.625], "texture": "#0"},
				"east": {"uv": [6.75, 10, 7, 12.625], "texture": "#0"},
				"south": {"uv": [7, 10, 7.25, 12.625], "texture": "#0"},
				"west": {"uv": [7.25, 10, 7.5, 12.625], "texture": "#0"},
				"up": {"uv": [10, 3.625, 9.75, 3.375], "texture": "#0"},
				"down": {"uv": [10, 3.625, 9.75, 3.875], "texture": "#0"}
			}
		},
		{
			"from": [-16, 32, -16],
			"to": [32, 32, 32],
			"faces": {
				"north": {"uv": [0, 0, 6, 0], "texture": "#0"},
				"east": {"uv": [0, 0, 6, 0], "texture": "#0"},
				"south": {"uv": [0, 0, 6, 0], "texture": "#0"},
				"west": {"uv": [0, 0, 6, 0], "texture": "#0"},
				"up": {"uv": [6, 6, 0, 0], "texture": "#0"},
				"down": {"uv": [6, 6, 0, 12], "texture": "#0"}
			}
		},
		{
			"from": [-16, 27, 32],
			"to": [32, 32, 32],
			"faces": {
				"north": {"uv": [6, 5, 12, 5.625], "texture": "#0"},
				"east": {"uv": [0, 0, 0, 0.625], "texture": "#0"},
				"south": {"uv": [6, 5.625, 12, 6.25], "texture": "#0"},
				"west": {"uv": [0, 0, 0, 0.625], "texture": "#0"},
				"up": {"uv": [6, 0, 0, 0], "texture": "#0"},
				"down": {"uv": [6, 0, 0, 0], "texture": "#0"}
			}
		},
		{
			"from": [32, 27, -16],
			"to": [32, 32, 32],
			"faces": {
				"north": {"uv": [0, 0, 0, 0.625], "texture": "#0"},
				"east": {"uv": [6, 6.25, 12, 6.875], "texture": "#0"},
				"south": {"uv": [0, 0, 0, 0.625], "texture": "#0"},
				"west": {"uv": [6, 6.875, 12, 7.5], "texture": "#0"},
				"up": {"uv": [0, 6, 0, 0], "texture": "#0"},
				"down": {"uv": [0, 0, 0, 6], "texture": "#0"}
			}
		},
		{
			"from": [-16, 27, -16],
			"to": [-16, 32, 32],
			"faces": {
				"north": {"uv": [0, 0, 0, 0.625], "texture": "#0"},
				"east": {"uv": [6, 7.5, 12, 8.125], "texture": "#0"},
				"south": {"uv": [0, 0, 0, 0.625], "texture": "#0"},
				"west": {"uv": [6, 8.125, 12, 8.75], "texture": "#0"},
				"up": {"uv": [0, 6, 0, 0], "texture": "#0"},
				"down": {"uv": [0, 0, 0, 6], "texture": "#0"}
			}
		},
		{
			"from": [-16, 27, -16],
			"to": [32, 32, -16],
			"faces": {
				"north": {"uv": [6, 8.75, 12, 9.375], "texture": "#0"},
				"east": {"uv": [0, 0, 0, 0.625], "texture": "#0"},
				"south": {"uv": [6, 9.375, 12, 10], "texture": "#0"},
				"west": {"uv": [0, 0, 0, 0.625], "texture": "#0"},
				"up": {"uv": [6, 0, 0, 0], "texture": "#0"},
				"down": {"uv": [6, 0, 0, 0], "texture": "#0"}
			}
		},
		{
			"from": [7.025, 5, 7.025],
			"to": [8.975, 31.99, 8.975],
			"faces": {
				"north": {"uv": [9.75, 0, 10, 3.375], "texture": "#0"},
				"east": {"uv": [10, 0, 10.25, 3.375], "texture": "#0"},
				"south": {"uv": [6, 10, 6.25, 13.375], "texture": "#0"},
				"west": {"uv": [6.25, 10, 6.5, 13.375], "texture": "#0"},
				"up": {"uv": [10, 4.125, 9.75, 3.875], "texture": "#0"},
				"down": {"uv": [10, 4.125, 9.75, 4.375], "texture": "#0"}
			}
		},
		{
			"from": [8, 21.9, -7],
			"to": [8, 31.9, 23],
			"faces": {
				"north": {"uv": [0, 0, 0, 1.25], "texture": "#0"},
				"east": {"uv": [6, 0, 9.75, 1.25], "texture": "#0"},
				"south": {"uv": [0, 0, 0, 1.25], "texture": "#0"},
				"west": {"uv": [6, 1.25, 9.75, 2.5], "texture": "#0"},
				"up": {"uv": [0, 3.75, 0, 0], "texture": "#0"},
				"down": {"uv": [0, 0, 0, 3.75], "texture": "#0"}
			}
		},
		{
			"from": [-7, 21.9, 8],
			"to": [23, 31.9, 8],
			"faces": {
				"north": {"uv": [6, 2.5, 9.75, 3.75], "texture": "#0"},
				"east": {"uv": [0, 0, 0, 1.25], "texture": "#0"},
				"south": {"uv": [6, 3.75, 9.75, 5], "texture": "#0"},
				"west": {"uv": [0, 0, 0, 1.25], "texture": "#0"},
				"up": {"uv": [3.75, 0, 0, 0], "texture": "#0"},
				"down": {"uv": [3.75, 0, 0, 0], "texture": "#0"}
			}
		}
	],
	"gui_light": "front",
	"display": {
		"thirdperson_righthand": {
			"rotation": [56, 71, -46],
			"translation": [0, 0, 1],
			"scale": [0.375, 0.375, 0.375]
		},
		"thirdperson_lefthand": {
			"rotation": [56, 75, -46],
			"translation": [0, 3, 2.5],
			"scale": [0.375, 0.375, 0.375]
		},
		"firstperson_righthand": {
			"rotation": [0, -90, 7],
			"translation": [1.25, 3.25, 1.13],
			"scale": [0.6, 0.6, 0.6]
		},
		"firstperson_lefthand": {
			"rotation": [0, -90, 7],
			"translation": [1.25, 3.25, 1.13],
			"scale": [0.6, 0.6, 0.6]
		},
		"ground": {
			"translation": [0, 4, 0],
			"scale": [0.25, 0.25, 0.25]
		},
		"gui": {
			"rotation": [30, 225, 4],
			"translation": [-0.25, -2.5, 0],
			"scale": [0.23, 0.23, 0.23]
		},
		"head": {
			"rotation": [0, 90, 0],
			"translation": [0, 6.75, 0]
		},
		"fixed": {
			"rotation": [-66.5, 0, 0],
			"translation": [-0.4, 0.1, -48],
			"scale": [2, 2, 2]
		}
	},
	"groups": [
		{
			"name": "group",
			"origin": [0, 0, 0],
			"color": 0,
			"children": [0, 1, 2, 3, 4, 5, 6, 7, 8]
		}
	]
}