{
	"credit": "Made with Blockbench",
	"textures": {
		"1": "custom:item/decoration/bone_hand",
		"3": "custom:item/decoration/land_bone_hand"
	},
	"elements": [
		{
			"from": [7, 0.025, 7],
			"to": [9, 11.025, 9],
			"rotation": {"angle": 0, "axis": "x", "origin": [8, 11.025, 9]},
			"faces": {
				"north": {"uv": [0, 0, 1, 5.5], "texture": "#1"},
				"east": {"uv": [1, 0, 2, 5.5], "texture": "#1"},
				"south": {"uv": [2, 0, 3, 5.5], "texture": "#1"},
				"west": {"uv": [3, 0, 4, 5.5], "texture": "#1"},
				"up": {"uv": [7, 8.5, 6, 7.5], "texture": "#1"},
				"down": {"uv": [8, 7.5, 7, 8.5], "texture": "#1"}
			}
		},
		{
			"from": [6, 11.025, 7],
			"to": [10, 16.025, 9],
			"rotation": {"angle": -45, "axis": "x", "origin": [8, 11.025, 9]},
			"faces": {
				"north": {"uv": [4, 0, 6, 2.5], "texture": "#1"},
				"east": {"uv": [4, 5, 5, 7.5], "texture": "#1"},
				"south": {"uv": [4, 2.5, 6, 5], "texture": "#1"},
				"west": {"uv": [5, 5, 6, 7.5], "texture": "#1"},
				"up": {"uv": [2, 6.5, 0, 5.5], "texture": "#1"},
				"down": {"uv": [4, 5.5, 2, 6.5], "texture": "#1"}
			}
		},
		{
			"from": [10, 10.025, 7],
			"to": [12, 12.025, 9],
			"rotation": {"angle": 22.5, "axis": "z", "origin": [10, 10.025, 8]},
			"faces": {
				"north": {"uv": [0, 8, 1, 9], "texture": "#1"},
				"east": {"uv": [8, 0, 9, 1], "texture": "#1"},
				"south": {"uv": [1, 8, 2, 9], "texture": "#1"},
				"west": {"uv": [8, 1, 9, 2], "texture": "#1"},
				"up": {"uv": [3, 9, 2, 8], "texture": "#1"},
				"down": {"uv": [9, 2, 8, 3], "texture": "#1"}
			}
		},
		{
			"from": [10.92275, 12.45707, 7],
			"to": [12.92275, 15.45707, 9],
			"rotation": {"angle": -22.5, "axis": "z", "origin": [11.45768, 12.14632, 8]},
			"faces": {
				"north": {"uv": [6, 0, 7, 1.5], "texture": "#1"},
				"east": {"uv": [6, 1.5, 7, 3], "texture": "#1"},
				"south": {"uv": [6, 3, 7, 4.5], "texture": "#1"},
				"west": {"uv": [6, 4.5, 7, 6], "texture": "#1"},
				"up": {"uv": [4, 9, 3, 8], "texture": "#1"},
				"down": {"uv": [9, 3, 8, 4], "texture": "#1"}
			}
		},
		{
			"from": [10, 14.63665, 3.08178],
			"to": [12, 16.63665, 5.08178],
			"rotation": {"angle": -22.5, "axis": "x", "origin": [11, 15.56053, 5.46447]},
			"faces": {
				"north": {"uv": [8, 4, 9, 5], "texture": "#1"},
				"east": {"uv": [8, 5, 9, 6], "texture": "#1"},
				"south": {"uv": [8, 6, 9, 7], "texture": "#1"},
				"west": {"uv": [8, 7, 9, 8], "texture": "#1"},
				"up": {"uv": [9, 9, 8, 8], "texture": "#1"},
				"down": {"uv": [7, 8.5, 6, 9.5], "texture": "#1"}
			}
		},
		{
			"from": [4, 13.63665, 3.08178],
			"to": [6, 15.63665, 5.08178],
			"rotation": {"angle": -22.5, "axis": "x", "origin": [11, 15.56053, 5.46447]},
			"faces": {
				"north": {"uv": [7, 8.5, 8, 9.5], "texture": "#1"},
				"east": {"uv": [0, 9, 1, 10], "texture": "#1"},
				"south": {"uv": [9, 0, 10, 1], "texture": "#1"},
				"west": {"uv": [1, 9, 2, 10], "texture": "#1"},
				"up": {"uv": [10, 2, 9, 1], "texture": "#1"},
				"down": {"uv": [3, 9, 2, 10], "texture": "#1"}
			}
		},
		{
			"from": [7, 14.63665, 3.08178],
			"to": [9, 16.63665, 5.08178],
			"rotation": {"angle": -22.5, "axis": "x", "origin": [11, 15.56053, 5.46447]},
			"faces": {
				"north": {"uv": [9, 2, 10, 3], "texture": "#1"},
				"east": {"uv": [3, 9, 4, 10], "texture": "#1"},
				"south": {"uv": [9, 3, 10, 4], "texture": "#1"},
				"west": {"uv": [4, 9, 5, 10], "texture": "#1"},
				"up": {"uv": [10, 5, 9, 4], "texture": "#1"},
				"down": {"uv": [6, 9, 5, 10], "texture": "#1"}
			}
		},
		{
			"from": [10, 16.40829, 2.6991],
			"to": [12, 19.40829, 4.6991],
			"rotation": {"angle": 0, "axis": "x", "origin": [10, 16.63874, 4.54059]},
			"faces": {
				"north": {"uv": [6, 6, 7, 7.5], "texture": "#1"},
				"east": {"uv": [0, 6.5, 1, 8], "texture": "#1"},
				"south": {"uv": [1, 6.5, 2, 8], "texture": "#1"},
				"west": {"uv": [2, 6.5, 3, 8], "texture": "#1"},
				"up": {"uv": [10, 6, 9, 5], "texture": "#1"},
				"down": {"uv": [10, 6, 9, 7], "texture": "#1"}
			}
		},
		{
			"from": [4, 15.48441, 3.08178],
			"to": [6, 18.48441, 5.08178],
			"rotation": {"angle": 0, "axis": "y", "origin": [10, 16.71486, 4.92327]},
			"faces": {
				"north": {"uv": [3, 6.5, 4, 8], "texture": "#1"},
				"east": {"uv": [7, 0, 8, 1.5], "texture": "#1"},
				"south": {"uv": [7, 1.5, 8, 3], "texture": "#1"},
				"west": {"uv": [7, 3, 8, 4.5], "texture": "#1"},
				"up": {"uv": [10, 8, 9, 7], "texture": "#1"},
				"down": {"uv": [9, 9, 8, 10], "texture": "#1"}
			}
		},
		{
			"from": [7, 16.40829, 2.6991],
			"to": [9, 19.40829, 4.6991],
			"rotation": {"angle": 0, "axis": "y", "origin": [10, 16.63874, 4.54059]},
			"faces": {
				"north": {"uv": [7, 4.5, 8, 6], "texture": "#1"},
				"east": {"uv": [7, 6, 8, 7.5], "texture": "#1"},
				"south": {"uv": [4, 7.5, 5, 9], "texture": "#1"},
				"west": {"uv": [5, 7.5, 6, 9], "texture": "#1"},
				"up": {"uv": [10, 9, 9, 8], "texture": "#1"},
				"down": {"uv": [10, 9, 9, 10], "texture": "#1"}
			}
		},
		{
			"from": [5, 0, 6],
			"to": [11, 1, 11],
			"rotation": {"angle": 0, "axis": "y", "origin": [0, 0.025, 0]},
			"faces": {
				"north": {"uv": [10, 8, 16, 9], "texture": "#3"},
				"east": {"uv": [10, 10, 15, 11], "texture": "#3"},
				"south": {"uv": [10, 9, 16, 10], "texture": "#3"},
				"west": {"uv": [10, 11, 15, 12], "texture": "#3"},
				"up": {"uv": [6, 5, 0, 0], "texture": "#3"},
				"down": {"uv": [6, 5, 0, 10], "texture": "#3"}
			}
		},
		{
			"from": [6, 0.025, 7],
			"to": [7, 2.025, 9],
			"rotation": {"angle": 0, "axis": "y", "origin": [0, 0.025, 0]},
			"faces": {
				"north": {"uv": [10, 12, 11, 14], "texture": "#3"},
				"east": {"uv": [4, 10, 6, 12], "texture": "#3"},
				"south": {"uv": [11, 12, 12, 14], "texture": "#3"},
				"west": {"uv": [12, 0, 14, 2], "texture": "#3"},
				"up": {"uv": [13, 14, 12, 12], "texture": "#3"},
				"down": {"uv": [14, 12, 13, 14], "texture": "#3"}
			}
		},
		{
			"from": [9, 0.025, 9],
			"to": [10, 2.025, 10],
			"rotation": {"angle": 0, "axis": "y", "origin": [0, 0.025, 0]},
			"faces": {
				"north": {"uv": [0, 14, 1, 16], "texture": "#3"},
				"east": {"uv": [14, 0, 15, 2], "texture": "#3"},
				"south": {"uv": [1, 14, 2, 16], "texture": "#3"},
				"west": {"uv": [2, 14, 3, 16], "texture": "#3"},
				"up": {"uv": [6, 15, 5, 14], "texture": "#3"},
				"down": {"uv": [15, 5, 14, 6], "texture": "#3"}
			}
		},
		{
			"from": [4, 0.025, 4],
			"to": [10, 0.025, 8],
			"rotation": {"angle": 0, "axis": "y", "origin": [0, 0.025, 0]},
			"faces": {
				"north": {"uv": [0, 0, 6, 0], "texture": "#3"},
				"east": {"uv": [0, 0, 4, 0], "texture": "#3"},
				"south": {"uv": [0, 0, 6, 0], "texture": "#3"},
				"west": {"uv": [0, 0, 4, 0], "texture": "#3"},
				"up": {"uv": [12, 4, 6, 0], "texture": "#3"},
				"down": {"uv": [12, 4, 6, 8], "texture": "#3"}
			}
		},
		{
			"from": [8, 0.025, 8],
			"to": [12, 0.025, 12],
			"rotation": {"angle": 0, "axis": "y", "origin": [0, 0.025, 0]},
			"faces": {
				"north": {"uv": [0, 0, 4, 0], "texture": "#3"},
				"east": {"uv": [0, 0, 4, 0], "texture": "#3"},
				"south": {"uv": [0, 0, 4, 0], "texture": "#3"},
				"west": {"uv": [0, 0, 4, 0], "texture": "#3"},
				"up": {"uv": [10, 12, 6, 8], "texture": "#3"},
				"down": {"uv": [4, 10, 0, 14], "texture": "#3"}
			}
		},
		{
			"from": [7, 0, 5],
			"to": [9, 1, 6],
			"rotation": {"angle": 0, "axis": "y", "origin": [0, 0.025, 0]},
			"faces": {
				"north": {"uv": [14, 2, 16, 3], "texture": "#3"},
				"east": {"uv": [6, 14, 7, 15], "texture": "#3"},
				"south": {"uv": [3, 14, 5, 15], "texture": "#3"},
				"west": {"uv": [14, 6, 15, 7], "texture": "#3"},
				"up": {"uv": [16, 4, 14, 3], "texture": "#3"},
				"down": {"uv": [16, 4, 14, 5], "texture": "#3"}
			}
		},
		{
			"from": [6, 0.025, 10],
			"to": [8, 2.025, 12],
			"rotation": {"angle": 0, "axis": "y", "origin": [0, 0.025, 0]},
			"faces": {
				"north": {"uv": [12, 2, 14, 4], "texture": "#3"},
				"east": {"uv": [4, 12, 6, 14], "texture": "#3"},
				"south": {"uv": [12, 4, 14, 6], "texture": "#3"},
				"west": {"uv": [6, 12, 8, 14], "texture": "#3"},
				"up": {"uv": [14, 8, 12, 6], "texture": "#3"},
				"down": {"uv": [10, 12, 8, 14], "texture": "#3"}
			}
		},
		{
			"from": [4, 0.025, 12],
			"to": [5, 1.025, 13],
			"rotation": {"angle": 0, "axis": "y", "origin": [0, 0.025, 0]},
			"faces": {
				"north": {"uv": [7, 14, 8, 15], "texture": "#3"},
				"east": {"uv": [14, 7, 15, 8], "texture": "#3"},
				"south": {"uv": [8, 14, 9, 15], "texture": "#3"},
				"west": {"uv": [9, 14, 10, 15], "texture": "#3"},
				"up": {"uv": [11, 15, 10, 14], "texture": "#3"},
				"down": {"uv": [12, 14, 11, 15], "texture": "#3"}
			}
		},
		{
			"from": [11, 0.025, 4],
			"to": [12, 1.025, 5],
			"rotation": {"angle": 0, "axis": "y", "origin": [0, 0.025, 0]},
			"faces": {
				"north": {"uv": [12, 14, 13, 15], "texture": "#3"},
				"east": {"uv": [14, 12, 15, 13], "texture": "#3"},
				"south": {"uv": [13, 14, 14, 15], "texture": "#3"},
				"west": {"uv": [14, 13, 15, 14], "texture": "#3"},
				"up": {"uv": [15, 15, 14, 14], "texture": "#3"},
				"down": {"uv": [16, 0, 15, 1], "texture": "#3"}
			}
		}
	],
	"display": {
		"thirdperson_righthand": {
			"rotation": [75, 45, 0],
			"translation": [0, 0.5, 1.5],
			"scale": [0.375, 0.375, 0.375]
		},
		"thirdperson_lefthand": {
			"rotation": [75, 45, 0],
			"translation": [0, 0.5, 1.5],
			"scale": [0.375, 0.375, 0.375]
		},
		"firstperson_righthand": {
			"rotation": [0, 45, 0],
			"translation": [0, 0.75, 0],
			"scale": [0.4, 0.4, 0.4]
		},
		"firstperson_lefthand": {
			"rotation": [0, 225, 0],
			"translation": [0, 0.75, 0],
			"scale": [0.4, 0.4, 0.4]
		},
		"ground": {
			"translation": [0, 2, 0],
			"scale": [0.5, 0.5, 0.5]
		},
		"gui": {
			"rotation": [30, 45, 0],
			"translation": [0, -1, 0],
			"scale": [0.68, 0.68, 0.68]
		},
		"head": {
			"rotation": [-45, -180, 0],
			"translation": [0, 8, -7.5]
		},
		"fixed": {
			"rotation": [-90, 0, 0],
			"translation": [0, 0, -16.1],
			"scale": [2, 2, 2]
		}
	},
	"groups": [
		{
			"name": "group",
			"origin": [8, 8, 8],
			"color": 0,
			"children": [0, 1, 2, 3, 4, 5, 6, 7, 8, 9]
		},
		{
			"name": "group",
			"origin": [8, 8, 8],
			"color": 0,
			"children": [10, 11, 12, 13, 14, 15, 16, 17, 18]
		}
	]
}