{
	"credit": "Made with Blockbench",
	"texture_size": [64, 64],
	"textures": {
		"0": "custom:item/decoration/books"
	},
	"elements": [
		{
			"from": [-4, 7, 6],
			"to": [4, 10, 18],
			"rotation": {"angle": 45, "axis": "y", "origin": [0, 0, 0]},
			"faces": {
				"north": {"uv": [9, 9.5, 11, 10.25], "texture": "#0"},
				"east": {"uv": [7.5, 6, 10.5, 6.75], "texture": "#0"},
				"south": {"uv": [5, 10, 7, 10.75], "texture": "#0"},
				"west": {"uv": [9, 6.75, 12, 7.5], "texture": "#0"},
				"up": {"uv": [7, 10, 5, 7], "texture": "#0"},
				"down": {"uv": [9, 7, 7, 10], "texture": "#0"}
			}
		},
		{
			"from": [-5, 10, 5],
			"to": [5, 12, 19],
			"rotation": {"angle": 45, "axis": "y", "origin": [0, 0, 0]},
			"faces": {
				"north": {"uv": [9.5, 5.5, 12, 6], "texture": "#0"},
				"east": {"uv": [9.5, 1.5, 13, 2], "texture": "#0"},
				"south": {"uv": [0, 10.5, 2.5, 11], "texture": "#0"},
				"west": {"uv": [9.5, 2, 13, 2.5], "texture": "#0"},
				"up": {"uv": [2.5, 3.5, 0, 0], "texture": "#0"},
				"down": {"uv": [5, 0, 2.5, 3.5], "texture": "#0"}
			}
		},
		{
			"from": [-5, 6, 5],
			"to": [5, 8, 19],
			"rotation": {"angle": 45, "axis": "y", "origin": [0, 0, 0]},
			"faces": {
				"north": {"uv": [2.5, 10.5, 5, 11], "texture": "#0"},
				"east": {"uv": [9.5, 2.5, 13, 3], "texture": "#0"},
				"south": {"uv": [10.5, 6, 13, 6.5], "texture": "#0"},
				"west": {"uv": [9.5, 3, 13, 3.5], "texture": "#0"},
				"up": {"uv": [2.5, 7, 0, 3.5], "texture": "#0"},
				"down": {"uv": [5, 3.5, 2.5, 7], "texture": "#0"}
			}
		},
		{
			"from": [3, 0, 2],
			"to": [13, 2, 16],
			"faces": {
				"north": {"uv": [5, 10.75, 7.5, 11.25], "texture": "#0"},
				"east": {"uv": [9.5, 3.5, 13, 4], "texture": "#0"},
				"south": {"uv": [0, 11, 2.5, 11.5], "texture": "#0"},
				"west": {"uv": [9.5, 4, 13, 4.5], "texture": "#0"},
				"up": {"uv": [7.5, 3.5, 5, 0], "texture": "#0"},
				"down": {"uv": [7.5, 3.5, 5, 7], "texture": "#0"}
			}
		},
		{
			"from": [3, 4, 2],
			"to": [13, 6, 16],
			"faces": {
				"north": {"uv": [2.5, 11, 5, 11.5], "texture": "#0"},
				"east": {"uv": [9.5, 4.5, 13, 5], "texture": "#0"},
				"south": {"uv": [7.5, 11, 10, 11.5], "texture": "#0"},
				"west": {"uv": [9.5, 5, 13, 5.5], "texture": "#0"},
				"up": {"uv": [2.5, 10.5, 0, 7], "texture": "#0"},
				"down": {"uv": [5, 7, 2.5, 10.5], "texture": "#0"}
			}
		},
		{
			"from": [4, 1, 3],
			"to": [12, 4, 15],
			"faces": {
				"north": {"uv": [7, 10, 9, 10.75], "texture": "#0"},
				"east": {"uv": [9, 7.5, 12, 8.25], "texture": "#0"},
				"south": {"uv": [9, 10.25, 11, 11], "texture": "#0"},
				"west": {"uv": [9, 8.25, 12, 9], "texture": "#0"},
				"up": {"uv": [9.5, 3, 7.5, 0], "texture": "#0"},
				"down": {"uv": [9.5, 3, 7.5, 6], "texture": "#0"}
			}
		},
		{
			"from": [3, 2, 2],
			"to": [4, 4, 16],
			"faces": {
				"north": {"uv": [10.75, 11, 11, 11.5], "texture": "#0"},
				"east": {"uv": [9, 9, 12.5, 9.5], "texture": "#0"},
				"south": {"uv": [5, 11.25, 5.25, 11.75], "texture": "#0"},
				"west": {"uv": [9.5, 0, 13, 0.5], "texture": "#0"},
				"up": {"uv": [11.25, 13, 11, 9.5], "texture": "#0"},
				"down": {"uv": [10.25, 11, 10, 14.5], "texture": "#0"}
			}
		},
		{
			"from": [-5, 8, 5],
			"to": [-4, 10, 19],
			"rotation": {"angle": 45, "axis": "y", "origin": [0, 0, 0]},
			"faces": {
				"north": {"uv": [5.25, 11.25, 5.5, 11.75], "texture": "#0"},
				"east": {"uv": [9.5, 0.5, 13, 1], "texture": "#0"},
				"south": {"uv": [5.5, 11.25, 5.75, 11.75], "texture": "#0"},
				"west": {"uv": [9.5, 1, 13, 1.5], "texture": "#0"},
				"up": {"uv": [10.5, 14.5, 10.25, 11], "texture": "#0"},
				"down": {"uv": [10.75, 11, 10.5, 14.5], "texture": "#0"}
			}
		}
	],
	"display": {
		"thirdperson_righthand": {
			"rotation": [75, 45, 0],
			"translation": [0, 1.5, 0.5],
			"scale": [0.375, 0.375, 0.375]
		},
		"thirdperson_lefthand": {
			"rotation": [75, 45, 0],
			"translation": [0, 1.5, 0.5],
			"scale": [0.375, 0.375, 0.375]
		},
		"firstperson_righthand": {
			"rotation": [0, 45, 0],
			"translation": [0, 2.75, 0],
			"scale": [0.4, 0.4, 0.4]
		},
		"firstperson_lefthand": {
			"rotation": [0, 45, 0],
			"translation": [0, 2.75, 0],
			"scale": [0.4, 0.4, 0.4]
		},
		"ground": {
			"translation": [0, 3, 0],
			"scale": [0.4, 0.4, 0.4]
		},
		"gui": {
			"rotation": [30, 225, 0],
			"translation": [0.5, 0.5, 0],
			"scale": [0.7, 0.7, 0.7]
		},
		"head": {
			"rotation": [0, 180, 0],
			"translation": [0, 12.75, 0.75],
			"scale": [0.8, 0.8, 0.8]
		},
		"fixed": {
			"rotation": [-90, 0, 0],
			"translation": [0, -1.25, -12],
			"scale": [1.5, 1.5, 1.5]
		}
	}
}