{
	"credit": "Made with Blockbench",
	"texture_size": [64, 64],
	"textures": {
		"0": "custom:item/decoration/bottle",
		"particle": "custom:item/decoration/bottle"
	},
	"elements": [
		{
			"from": [3, 0, 3],
			"to": [13, 9, 13],
			"faces": {
				"north": {"uv": [2.5, 0, 5, 2.25], "texture": "#0"},
				"east": {"uv": [2.5, 2.25, 5, 4.5], "texture": "#0"},
				"south": {"uv": [2.5, 4.5, 5, 6.75], "texture": "#0"},
				"west": {"uv": [0, 5, 2.5, 7.25], "texture": "#0"},
				"up": {"uv": [2.5, 2.5, 0, 0], "texture": "#0"},
				"down": {"uv": [2.5, 2.5, 0, 5], "texture": "#0"}
			}
		},
		{
			"from": [5, 9, 5],
			"to": [11, 10, 11],
			"faces": {
				"north": {"uv": [0, 7.25, 1.5, 7.5], "texture": "#0"},
				"east": {"uv": [0, 7.5, 1.5, 7.75], "texture": "#0"},
				"south": {"uv": [7.5, 0, 9, 0.25], "texture": "#0"},
				"west": {"uv": [7.5, 0.25, 9, 0.5], "texture": "#0"},
				"up": {"uv": [4, 8.25, 2.5, 6.75], "texture": "#0"},
				"down": {"uv": [8.5, 4, 7, 5.5], "texture": "#0"}
			}
		},
		{
			"from": [4, 10, 4],
			"to": [12, 12, 12],
			"faces": {
				"north": {"uv": [7, 5.5, 9, 6], "texture": "#0"},
				"east": {"uv": [7, 6, 9, 6.5], "texture": "#0"},
				"south": {"uv": [7, 6.5, 9, 7], "texture": "#0"},
				"west": {"uv": [7, 7, 9, 7.5], "texture": "#0"},
				"up": {"uv": [7, 6, 5, 4], "texture": "#0"},
				"down": {"uv": [7, 6, 5, 8], "texture": "#0"}
			}
		},
		{
			"from": [3, 3, -5],
			"to": [13, 11, -5],
			"rotation": {"angle": 45, "axis": "x", "origin": [0, 0, 0]},
			"faces": {
				"north": {"uv": [5, 0, 7.5, 2], "texture": "#0"},
				"east": {"uv": [0, 0, 0, 2], "texture": "#0"},
				"south": {"uv": [5, 2, 7.5, 4], "texture": "#0"},
				"west": {"uv": [0, 0, 0, 2], "texture": "#0"},
				"up": {"uv": [2.5, 0, 0, 0], "texture": "#0"},
				"down": {"uv": [2.5, 0, 0, 0], "texture": "#0"}
			}
		}
	],
	"display": {
		"thirdperson_righthand": {
			"rotation": [-128.78, -3.48, 178.56],
			"translation": [0, 1.5, 0.5],
			"scale": [0.37, 0.37, 0.37]
		},
		"thirdperson_lefthand": {
			"rotation": [-108, -4.72, -179.59],
			"scale": [0.37, 0.37, 0.37]
		},
		"firstperson_righthand": {
			"translation": [3.25, 2, 0],
			"scale": [0.66, 0.66, 0.66]
		},
		"firstperson_lefthand": {
			"translation": [3.5, 2, 0],
			"scale": [0.66, 0.66, 0.66]
		},
		"ground": {
			"scale": [0.4, 0.4, 0.4]
		},
		"gui": {
			"rotation": [30, 225, 0],
			"translation": [0, 1.75, 0],
			"scale": [0.8, 0.8, 0.8]
		},
		"head": {
			"translation": [0, 14.5, 0]
		},
		"fixed": {
			"rotation": [-89.75, 0, 0],
			"translation": [0, 0, -16.25],
			"scale": [2.02, 2.02, 2.02]
		}
	}
}