{
	"credit": "Made with Blockbench",
	"texture_size": [32, 32],
	"textures": {
		"0": "custom:item/decoration/bottle_of_potions",
		"particle": "custom:item/decoration/bottle_of_potions"
	},
	"elements": [
		{
			"from": [5, 0, 5],
			"to": [11, 8, 11],
			"faces": {
				"north": {"uv": [0, 0, 3, 4], "texture": "#0"},
				"east": {"uv": [3, 0, 6, 4], "texture": "#0"},
				"south": {"uv": [0, 4, 3, 8], "texture": "#0"},
				"west": {"uv": [3, 4, 6, 8], "texture": "#0"},
				"up": {"uv": [9, 3, 6, 0], "texture": "#0"},
				"down": {"uv": [9, 3, 6, 6], "texture": "#0"}
			}
		},
		{
			"from": [6, 8, 6],
			"to": [10, 15, 10],
			"faces": {
				"north": {"uv": [3, 8, 5, 11.5], "texture": "#0"},
				"east": {"uv": [9, 0, 11, 3.5], "texture": "#0"},
				"south": {"uv": [9, 3.5, 11, 7], "texture": "#0"},
				"west": {"uv": [5, 9, 7, 12.5], "texture": "#0"},
				"up": {"uv": [11, 11, 9, 9], "texture": "#0"},
				"down": {"uv": [2, 11, 0, 13], "texture": "#0"}
			}
		},
		{
			"from": [5, 15, 5],
			"to": [11, 16, 11],
			"faces": {
				"north": {"uv": [11, 4, 14, 4.5], "texture": "#0"},
				"east": {"uv": [11, 4.5, 14, 5], "texture": "#0"},
				"south": {"uv": [11, 5, 14, 5.5], "texture": "#0"},
				"west": {"uv": [11, 5.5, 14, 6], "texture": "#0"},
				"up": {"uv": [9, 9, 6, 6], "texture": "#0"},
				"down": {"uv": [3, 8, 0, 11], "texture": "#0"}
			}
		},
		{
			"from": [6, 16, 6],
			"to": [10, 18, 10],
			"faces": {
				"north": {"uv": [11, 0, 13, 1], "texture": "#0"},
				"east": {"uv": [11, 1, 13, 2], "texture": "#0"},
				"south": {"uv": [11, 2, 13, 3], "texture": "#0"},
				"west": {"uv": [11, 3, 13, 4], "texture": "#0"},
				"up": {"uv": [9, 11, 7, 9], "texture": "#0"},
				"down": {"uv": [11, 7, 9, 9], "texture": "#0"}
			}
		}
	],
	"display": {
		"thirdperson_righthand": {
			"translation": [0, 1.5, 0],
			"scale": [0.46, 0.46, 0.46]
		},
		"thirdperson_lefthand": {
			"scale": [0.46, 0.46, 0.46]
		},
		"firstperson_righthand": {
			"translation": [3.25, 0, 0],
			"scale": [0.63, 0.63, 0.63]
		},
		"firstperson_lefthand": {
			"translation": [1.75, 0, 0],
			"scale": [0.63, 0.63, 0.63]
		},
		"ground": {
			"translation": [0, 1, 0],
			"scale": [0.4, 0.4, 0.4]
		},
		"gui": {
			"rotation": [30, 225, 0],
			"scale": [0.625, 0.625, 0.625]
		},
		"head": {
			"translation": [0, 14.5, 0]
		},
		"fixed": {
			"rotation": [-90, 0, 0],
			"translation": [0, 0, -18],
			"scale": [2.32, 2.32, 2.32]
		}
	}
}