{
	"credit": "Made with Blockbench",
	"texture_size": [64, 64],
	"textures": {
		"0": "custom:item/decoration/bread",
		"particle": "custom:item/decoration/bread"
	},
	"elements": [
		{
			"from": [4, 0, 1],
			"to": [12, 9, 15],
			"faces": {
				"north": {"uv": [6, 5.75, 8, 8], "texture": "#0"},
				"east": {"uv": [0, 3.5, 3.5, 5.75], "texture": "#0"},
				"south": {"uv": [7, 0, 9, 2.25], "texture": "#0"},
				"west": {"uv": [3.5, 3.5, 7, 5.75], "texture": "#0"},
				"up": {"uv": [7, 3.5, 5, 0], "texture": "#0"},
				"down": {"uv": [2, 5.75, 0, 9.25], "texture": "#0"}
			}
		},
		{
			"from": [3, 9, 1],
			"to": [13, 13, 15],
			"faces": {
				"north": {"uv": [7, 4.25, 9.5, 5.25], "texture": "#0"},
				"east": {"uv": [7, 2.25, 10.5, 3.25], "texture": "#0"},
				"south": {"uv": [8, 5.25, 10.5, 6.25], "texture": "#0"},
				"west": {"uv": [7, 3.25, 10.5, 4.25], "texture": "#0"},
				"up": {"uv": [2.5, 3.5, 0, 0], "texture": "#0"},
				"down": {"uv": [5, 0, 2.5, 3.5], "texture": "#0"}
			}
		},
		{
			"from": [4, 0, 15],
			"to": [12, 12, 16],
			"faces": {
				"north": {"uv": [2, 5.75, 4, 8.75], "texture": "#0"},
				"east": {"uv": [6, 8, 6.25, 11], "texture": "#0"},
				"south": {"uv": [4, 5.75, 6, 8.75], "texture": "#0"},
				"west": {"uv": [6.25, 8, 6.5, 11], "texture": "#0"},
				"up": {"uv": [10, 6.5, 8, 6.25], "texture": "#0"},
				"down": {"uv": [8.5, 8, 6.5, 8.25], "texture": "#0"}
			}
		}
	],
	"display": {
		"thirdperson_righthand": {
			"rotation": [75, 45, 0],
			"translation": [-0.75, 2, 0],
			"scale": [0.375, 0.375, 0.375]
		},
		"thirdperson_lefthand": {
			"rotation": [75, 45, 0],
			"translation": [0.75, 2, 0],
			"scale": [0.375, 0.375, 0.375]
		},
		"firstperson_righthand": {
			"rotation": [0, 45, 0],
			"translation": [3.25, 0.25, 0],
			"scale": [0.4, 0.4, 0.4]
		},
		"firstperson_lefthand": {
			"rotation": [0, 225, 0],
			"translation": [3.25, 0.25, 0],
			"scale": [0.4, 0.4, 0.4]
		},
		"ground": {
			"translation": [0, 0.5, 0],
			"scale": [0.4, 0.4, 0.4]
		},
		"gui": {
			"rotation": [30, 140, 0],
			"translation": [0, 0.75, 0],
			"scale": [0.7, 0.7, 0.7]
		},
		"head": {
			"translation": [0, 14.5, -0.5]
		},
		"fixed": {
			"rotation": [-90, 0, 0],
			"translation": [0, 0, -16],
			"scale": [2, 2, 2]
		}
	}
}