{
	"credit": "Made with Blockbench",
	"texture_size": [32, 32],
	"textures": {
		"1": "custom:item/decoration/carrot",
		"particle": "custom:item/decoration/carrot"
	},
	"elements": [
		{
			"from": [5, 1, 3],
			"to": [11, 7, 8],
			"faces": {
				"north": {"uv": [10, 0, 13, 3], "texture": "#1"},
				"east": {"uv": [3, 10.5, 5.5, 13.5], "texture": "#1"},
				"south": {"uv": [0, 10.5, 3, 13.5], "texture": "#1"},
				"west": {"uv": [5.5, 10.5, 8, 13.5], "texture": "#1"},
				"up": {"uv": [13, 5.5, 10, 3], "texture": "#1"},
				"down": {"uv": [11, 10.5, 8, 13], "texture": "#1"}
			}
		},
		{
			"from": [6, 2, 8],
			"to": [10, 6, 12],
			"faces": {
				"north": {"uv": [11, 5.5, 13, 7.5], "texture": "#1"},
				"east": {"uv": [11, 7.5, 13, 9.5], "texture": "#1"},
				"south": {"uv": [11, 9.5, 13, 11.5], "texture": "#1"},
				"west": {"uv": [11, 11.5, 13, 13.5], "texture": "#1"},
				"up": {"uv": [15, 2, 13, 0], "texture": "#1"},
				"down": {"uv": [15, 2, 13, 4], "texture": "#1"}
			}
		},
		{
			"from": [7, 3, 12],
			"to": [9, 5, 16],
			"faces": {
				"north": {"uv": [13, 8, 14, 9], "texture": "#1"},
				"east": {"uv": [13, 4, 15, 5], "texture": "#1"},
				"south": {"uv": [9, 13, 10, 14], "texture": "#1"},
				"west": {"uv": [13, 5, 15, 6], "texture": "#1"},
				"up": {"uv": [14, 8, 13, 6], "texture": "#1"},
				"down": {"uv": [9, 13, 8, 15], "texture": "#1"}
			}
		},
		{
			"from": [8, -1, -8],
			"to": [8, 9, 3],
			"faces": {
				"north": {"uv": [0, 0, 0, 5], "texture": "#missing"},
				"east": {"uv": [0, 5.5, 5.5, 10.5], "texture": "#1"},
				"south": {"uv": [0, 0, 0, 5], "texture": "#missing"},
				"west": {"uv": [5.5, 5.5, 11, 10.5], "texture": "#1"},
				"up": {"uv": [0, 5.5, 0, 0], "texture": "#missing"},
				"down": {"uv": [0, 0, 0, 5.5], "texture": "#missing"}
			}
		},
		{
			"from": [3, 4, -8],
			"to": [13, 4, 3],
			"faces": {
				"north": {"uv": [0, 0, 5, 0], "texture": "#missing"},
				"east": {"uv": [0, 0, 5.5, 0], "texture": "#missing"},
				"south": {"uv": [0, 0, 5, 0], "texture": "#missing"},
				"west": {"uv": [0, 0, 5.5, 0], "texture": "#missing"},
				"up": {"uv": [5, 5.5, 0, 0], "texture": "#1"},
				"down": {"uv": [10, 0, 5, 5.5], "texture": "#1"}
			}
		}
	],
	"display": {
		"thirdperson_righthand": {
			"rotation": [96.5, 0, 0],
			"translation": [0, 0.75, 2.5],
			"scale": [0.45, 0.45, 0.45]
		},
		"thirdperson_lefthand": {
			"rotation": [100, 0, 0],
			"translation": [0, 0, 2.25],
			"scale": [0.45, 0.45, 0.45]
		},
		"firstperson_righthand": {
			"rotation": [75, -50, 0],
			"translation": [1, 2.5, 4],
			"scale": [0.68, 0.68, 0.68]
		},
		"firstperson_lefthand": {
			"rotation": [75, -50, 0],
			"translation": [1, 2.5, 4],
			"scale": [0.68, 0.68, 0.68]
		},
		"ground": {
			"translation": [0, 0.25, 0],
			"scale": [0.4, 0.4, 0.4]
		},
		"gui": {
			"rotation": [80.52, -40.27, -23.55],
			"translation": [-1.25, -2.75, 0],
			"scale": [0.66, 0.66, 0.66]
		},
		"head": {
			"rotation": [27, -45, 18],
			"translation": [-2.25, 13.75, -1.25]
		},
		"fixed": {
			"rotation": [-74.75, 0, 0],
			"translation": [0, -1.25, -11.25],
			"scale": [1.71, 1.71, 1.71]
		}
	}
}