{
	"credit": "Made with Blockbench",
	"texture_size": [64, 64],
	"textures": {
		"0": "custom:item/decoration/conditioner",
		"particle": "custom:item/decoration/conditioner"
	},
	"elements": [
		{
			"from": [-2, 0, 1],
			"to": [18, 10, 15],
			"faces": {
				"north": {"uv": [5, 0, 10, 2.5], "texture": "#0"},
				"east": {"uv": [5, 5, 8.5, 7.5], "texture": "#0"},
				"south": {"uv": [5, 2.5, 10, 5], "texture": "#0"},
				"west": {"uv": [0, 7, 3.5, 9.5], "texture": "#0"},
				"up": {"uv": [5, 3.5, 0, 0], "texture": "#0"},
				"down": {"uv": [5, 3.5, 0, 7], "texture": "#0"}
			}
		},
		{
			"from": [7, 9, 3],
			"to": [17, 12, 13],
			"faces": {
				"north": {"uv": [8.5, 5, 11, 5.75], "texture": "#0"},
				"east": {"uv": [8.5, 5.75, 11, 6.5], "texture": "#0"},
				"south": {"uv": [8.5, 6.5, 11, 7.25], "texture": "#0"},
				"west": {"uv": [8.5, 7.25, 11, 8], "texture": "#0"},
				"up": {"uv": [6, 10, 3.5, 7.5], "texture": "#0"},
				"down": {"uv": [8.5, 7.5, 6, 10], "texture": "#0"}
			}
		},
		{
			"from": [0, 0, -1],
			"to": [2, 9, 1],
			"faces": {
				"north": {"uv": [8.5, 8, 9, 10.25], "texture": "#0"},
				"east": {"uv": [9, 8, 9.5, 10.25], "texture": "#0"},
				"south": {"uv": [0, 9.5, 0.5, 11.75], "texture": "#0"},
				"west": {"uv": [0.5, 9.5, 1, 11.75], "texture": "#0"},
				"up": {"uv": [10.5, 3.5, 10, 3], "texture": "#0"},
				"down": {"uv": [4, 10, 3.5, 10.5], "texture": "#0"}
			}
		},
		{
			"from": [14, 0, -1],
			"to": [16, 9, 1],
			"faces": {
				"north": {"uv": [1, 9.5, 1.5, 11.75], "texture": "#0"},
				"east": {"uv": [1.5, 9.5, 2, 11.75], "texture": "#0"},
				"south": {"uv": [2, 9.5, 2.5, 11.75], "texture": "#0"},
				"west": {"uv": [2.5, 9.5, 3, 11.75], "texture": "#0"},
				"up": {"uv": [10.5, 4, 10, 3.5], "texture": "#0"},
				"down": {"uv": [4.5, 10, 4, 10.5], "texture": "#0"}
			}
		},
		{
			"from": [0, 0, -6],
			"to": [2, 2, -1],
			"faces": {
				"north": {"uv": [10, 4, 10.5, 4.5], "texture": "#0"},
				"east": {"uv": [3.5, 7, 4.75, 7.5], "texture": "#0"},
				"south": {"uv": [4.5, 10, 5, 10.5], "texture": "#0"},
				"west": {"uv": [9.5, 8, 10.75, 8.5], "texture": "#0"},
				"up": {"uv": [3.5, 10.75, 3, 9.5], "texture": "#0"},
				"down": {"uv": [10, 8.5, 9.5, 9.75], "texture": "#0"}
			}
		},
		{
			"from": [14, 0, -6],
			"to": [16, 2, -1],
			"faces": {
				"north": {"uv": [10, 4.5, 10.5, 5], "texture": "#0"},
				"east": {"uv": [9.5, 9.75, 10.75, 10.25], "texture": "#0"},
				"south": {"uv": [5, 10, 5.5, 10.5], "texture": "#0"},
				"west": {"uv": [10, 0, 11.25, 0.5], "texture": "#0"},
				"up": {"uv": [10.5, 1.75, 10, 0.5], "texture": "#0"},
				"down": {"uv": [10.5, 1.75, 10, 3], "texture": "#0"}
			}
		}
	],
	"gui_light": "front",
	"display": {
		"thirdperson_righthand": {
			"translation": [-6, 5.25, -1.5],
			"scale": [0.9, 0.9, 0.9]
		},
		"thirdperson_lefthand": {
			"translation": [-6, 5.25, -1.5],
			"scale": [0.9, 0.9, 0.9]
		},
		"firstperson_righthand": {
			"rotation": [0, 45, 0],
			"translation": [0, 3, 0],
			"scale": [0.4, 0.4, 0.4]
		},
		"firstperson_lefthand": {
			"rotation": [0, 45, 0],
			"translation": [0, 3, 0],
			"scale": [0.4, 0.4, 0.4]
		},
		"ground": {
			"scale": [0.3, 0.3, 0.3]
		},
		"gui": {
			"rotation": [30, 225, 0],
			"translation": [-0.75, 1.75, 0.25],
			"scale": [0.55, 0.55, 0.55]
		},
		"head": {
			"rotation": [-90, 0, 0],
			"translation": [0, 13.5, -5.25],
			"scale": [1.03, 1.03, 1.03]
		},
		"fixed": {
			"rotation": [-90, 0, 0],
			"translation": [0, 0, -16],
			"scale": [2, 2, 2]
		}
	},
	"groups": [
		{
			"name": "conditioner",
			"origin": [8, 8, 8],
			"color": 0,
			"children": [
				0,
				1,
				{
					"name": "group",
					"origin": [0, 0, 0],
					"color": 0,
					"children": [2, 3, 4, 5]
				}
			]
		}
	]
}