{
	"credit": "Made with Blockbench",
	"texture_size": [64, 64],
	"textures": {
		"1": "custom:item/decoration/construction_fencing/lamp",
		"2": "custom:item/decoration/construction_fencing/construction_fencing",
		"particle": "custom:item/decoration/construction_fencing/construction_fencing"
	},
	"elements": [
		{
			"from": [-3, 0, 0],
			"to": [-2, 17, 3],
			"rotation": {"angle": 22.5, "axis": "x", "origin": [-2, 1, 2]},
			"faces": {
				"north": {"uv": [3.75, 7.5, 4, 11.75], "texture": "#2"},
				"east": {"uv": [7, 6.75, 7.75, 11], "texture": "#2"},
				"south": {"uv": [3.75, 7.5, 4, 11.75], "texture": "#2"},
				"west": {"uv": [7, 6.75, 7.75, 11], "texture": "#2"},
				"up": {"uv": [4.25, 10.25, 4, 9.5], "texture": "#2"},
				"down": {"uv": [4.25, 8.75, 4, 9.5], "texture": "#2"}
			}
		},
		{
			"from": [-4, -0.02512, 12.98957],
			"to": [-3, 16.97488, 15.98957],
			"rotation": {"angle": -22.5, "axis": "x", "origin": [-2, 1, 14]},
			"faces": {
				"north": {"uv": [3.75, 7.5, 4, 11.75], "texture": "#2"},
				"east": {"uv": [7, 6.75, 7.75, 11], "texture": "#2"},
				"south": {"uv": [3.75, 7.5, 4, 11.75], "texture": "#2"},
				"west": {"uv": [7, 6.75, 7.75, 11], "texture": "#2"},
				"up": {"uv": [4.25, 9.5, 4, 8.75], "texture": "#2"},
				"down": {"uv": [4.25, 9.5, 4, 10.25], "texture": "#2"}
			}
		},
		{
			"from": [19, 0, 0],
			"to": [20, 17, 3],
			"rotation": {"angle": 22.5, "axis": "x", "origin": [20, 1, 2]},
			"faces": {
				"north": {"uv": [3.75, 7.5, 4, 11.75], "texture": "#2"},
				"east": {"uv": [7, 6.75, 7.75, 11], "texture": "#2"},
				"south": {"uv": [3.75, 7.5, 4, 11.75], "texture": "#2"},
				"west": {"uv": [7, 6.75, 7.75, 11], "texture": "#2"},
				"up": {"uv": [4.25, 9.5, 4, 8.75], "texture": "#2"},
				"down": {"uv": [4.25, 9.5, 4, 10.25], "texture": "#2"}
			}
		},
		{
			"from": [18, -0.02512, 12.98957],
			"to": [19, 16.97488, 15.98957],
			"rotation": {"angle": -22.5, "axis": "x", "origin": [20, 1, 14]},
			"faces": {
				"north": {"uv": [3.75, 7.5, 4, 11.75], "texture": "#2"},
				"east": {"uv": [7, 6.75, 7.75, 11], "texture": "#2"},
				"south": {"uv": [3.75, 7.5, 4, 11.75], "texture": "#2"},
				"west": {"uv": [7, 6.75, 7.75, 11], "texture": "#2"},
				"up": {"uv": [4.25, 10.5, 4, 9.75], "texture": "#2"},
				"down": {"uv": [4.25, 9, 4, 9.75], "texture": "#2"}
			}
		},
		{
			"from": [-4, 11, 2],
			"to": [21, 16, 3],
			"rotation": {"angle": 22.5, "axis": "x", "origin": [0, 9, 1]},
			"faces": {
				"north": {"uv": [0, 0, 6.25, 1.25], "texture": "#2"},
				"east": {"uv": [6, 7.5, 6.25, 8.75], "texture": "#2"},
				"south": {"uv": [0, 1.25, 6.25, 2.5], "texture": "#2"},
				"west": {"uv": [6, 8.75, 6.25, 10], "texture": "#2"},
				"up": {"uv": [14, 2.75, 7.75, 2.5], "texture": "#2"},
				"down": {"uv": [14, 2.75, 7.75, 3], "texture": "#2"}
			}
		},
		{
			"from": [-4, 5, 2],
			"to": [21, 10, 3],
			"rotation": {"angle": 22.5, "axis": "x", "origin": [0, 9, 1]},
			"faces": {
				"north": {"uv": [0, 2.5, 6.25, 3.75], "texture": "#2"},
				"east": {"uv": [8.75, 7.5, 9, 8.75], "texture": "#2"},
				"south": {"uv": [0, 1.25, 6.25, 2.5], "texture": "#2"},
				"west": {"uv": [8.75, 8.75, 9, 10], "texture": "#2"},
				"up": {"uv": [14, 3.25, 7.75, 3], "texture": "#2"},
				"down": {"uv": [14, 3.25, 7.75, 3.5], "texture": "#2"}
			}
		},
		{
			"from": [-5, 11, 13],
			"to": [20, 16, 14],
			"rotation": {"angle": -22.5, "axis": "x", "origin": [0, 9, 15]},
			"faces": {
				"north": {"uv": [0, 1.25, 6.25, 2.5], "texture": "#2"},
				"east": {"uv": [5, 9, 5.25, 10.25], "texture": "#2"},
				"south": {"uv": [0, 6.25, 6.25, 7.5], "texture": "#2"},
				"west": {"uv": [5.25, 9, 5.5, 10.25], "texture": "#2"},
				"up": {"uv": [14, 3.75, 7.75, 3.5], "texture": "#2"},
				"down": {"uv": [14, 3.75, 7.75, 4], "texture": "#2"}
			}
		},
		{
			"from": [-5, 5, 13],
			"to": [20, 10, 14],
			"rotation": {"angle": -22.5, "axis": "x", "origin": [0, 9, 15]},
			"faces": {
				"north": {"uv": [0, 1.25, 6.25, 2.5], "texture": "#2"},
				"east": {"uv": [5.5, 9, 5.75, 10.25], "texture": "#2"},
				"south": {"uv": [6.25, 1.25, 12.5, 2.5], "texture": "#2"},
				"west": {"uv": [5.75, 9, 6, 10.25], "texture": "#2"},
				"up": {"uv": [14, 4.25, 7.75, 4], "texture": "#2"},
				"down": {"uv": [14, 4.25, 7.75, 4.5], "texture": "#2"}
			}
		},
		{
			"from": [-5, 16, 7],
			"to": [-1, 20, 9],
			"rotation": {"angle": 0, "axis": "y", "origin": [0, 1, 0]},
			"faces": {
				"north": {"uv": [0, 0, 16, 15.5], "texture": "#1"},
				"east": {"uv": [7.75, 7.5, 8.25, 8.5], "texture": "#2"},
				"south": {"uv": [0, 0, 16, 16], "texture": "#1"},
				"west": {"uv": [8.25, 7.5, 8.75, 8.5], "texture": "#2"},
				"up": {"uv": [6, 9, 5, 8.5], "texture": "#2"},
				"down": {"uv": [8.75, 8.5, 7.75, 9], "texture": "#2"}
			}
		},
		{
			"from": [17, 16, 7],
			"to": [21, 20, 9],
			"rotation": {"angle": 0, "axis": "y", "origin": [0, 1, 0]},
			"faces": {
				"north": {"uv": [0, 0, 16, 16], "texture": "#1"},
				"east": {"uv": [8.75, 4.5, 9.25, 5.5], "texture": "#2"},
				"south": {"uv": [0, 0, 16, 16], "texture": "#1"},
				"west": {"uv": [8.75, 5.5, 9.25, 6.5], "texture": "#2"},
				"up": {"uv": [9.75, 7, 8.75, 6.5], "texture": "#2"},
				"down": {"uv": [9.75, 7, 8.75, 7.5], "texture": "#2"}
			}
		}
	],
	"display": {
		"thirdperson_righthand": {
			"rotation": [75, 45, 0],
			"translation": [0, 2.5, 0],
			"scale": [0.375, 0.375, 0.375]
		},
		"thirdperson_lefthand": {
			"rotation": [75, 45, 0],
			"translation": [0, 2.5, 0],
			"scale": [0.375, 0.375, 0.375]
		},
		"firstperson_righthand": {
			"rotation": [0, 45, 0],
			"scale": [0.4, 0.4, 0.4]
		},
		"firstperson_lefthand": {
			"rotation": [0, 225, 0],
			"scale": [0.4, 0.4, 0.4]
		},
		"ground": {
			"translation": [0, 1, 0],
			"scale": [0.25, 0.25, 0.25]
		},
		"gui": {
			"rotation": [30, 225, 0],
			"translation": [0, -0.5, 0],
			"scale": [0.55, 0.55, 0.55]
		},
		"head": {
			"rotation": [0, 180, 0],
			"translation": [-0.5, 9, 0],
			"scale": [0.9, 0.9, 0.9]
		},
		"fixed": {
			"rotation": [-90, 0, 0],
			"translation": [0, 0, -16],
			"scale": [2, 2, 2]
		}
	},
	"groups": [
		{
			"name": "construction_fencing",
			"origin": [8, 8, 8],
			"color": 0,
			"children": [
				{
					"name": "nogi",
					"origin": [8, 8, 8],
					"color": 0,
					"children": [
						{
							"name": "noga2",
							"origin": [8, 8, 8],
							"color": 0,
							"children": [
								{
									"name": "noga1",
									"origin": [8, 8, 8],
									"color": 0,
									"children": [0, 1]
								}
							]
						},
						{
							"name": "noga1",
							"origin": [8, 8, 8],
							"color": 0,
							"children": [2, 3]
						}
					]
				},
				{
					"name": "peregarodki",
					"origin": [8, 8, 8],
					"color": 0,
					"children": [
						{
							"name": "peregarodki2",
							"origin": [8, 8, 11],
							"color": 0,
							"children": [4, 5]
						},
						{
							"name": "peregarodki1",
							"origin": [8, 8, 8],
							"color": 0,
							"children": [6, 7]
						}
					]
				},
				{
					"name": "lampi",
					"origin": [8, 8, 8],
					"color": 0,
					"children": [8, 9]
				}
			]
		}
	]
}