{
	"credit": "Made with Blockbench",
	"textures": {
		"1": "custom:item/decoration/donut_2"
	},
	"elements": [
		{
			"from": [6, 0, 5],
			"to": [9, 2, 7],
			"rotation": {"angle": 0, "axis": "y", "origin": [1, 0, 2]},
			"faces": {
				"north": {"uv": [0, 0, 3, 2], "texture": "#1"},
				"east": {"uv": [9, 0, 11, 2], "texture": "#1"},
				"south": {"uv": [0, 2, 3, 4], "texture": "#1"},
				"west": {"uv": [9, 2, 11, 4], "texture": "#1"},
				"up": {"uv": [6, 2, 3, 0], "texture": "#1"},
				"down": {"uv": [6, 2, 3, 4], "texture": "#1"}
			}
		},
		{
			"from": [8, 0, 8],
			"to": [11, 2, 10],
			"rotation": {"angle": 0, "axis": "y", "origin": [1, 0, 2]},
			"faces": {
				"north": {"uv": [0, 4, 3, 6], "texture": "#1"},
				"east": {"uv": [0, 10, 2, 12], "texture": "#1"},
				"south": {"uv": [3, 4, 6, 6], "texture": "#1"},
				"west": {"uv": [2, 10, 4, 12], "texture": "#1"},
				"up": {"uv": [3, 8, 0, 6], "texture": "#1"},
				"down": {"uv": [9, 0, 6, 2], "texture": "#1"}
			}
		},
		{
			"from": [9, 0, 5],
			"to": [11, 2, 8],
			"rotation": {"angle": 0, "axis": "y", "origin": [1, 0, 2]},
			"faces": {
				"north": {"uv": [4, 10, 6, 12], "texture": "#1"},
				"east": {"uv": [6, 2, 9, 4], "texture": "#1"},
				"south": {"uv": [10, 4, 12, 6], "texture": "#1"},
				"west": {"uv": [3, 6, 6, 8], "texture": "#1"},
				"up": {"uv": [8, 7, 6, 4], "texture": "#1"},
				"down": {"uv": [8, 7, 6, 10], "texture": "#1"}
			}
		},
		{
			"from": [6, 0, 7],
			"to": [8, 2, 10],
			"rotation": {"angle": 0, "axis": "y", "origin": [1, 0, 2]},
			"faces": {
				"north": {"uv": [6, 10, 8, 12], "texture": "#1"},
				"east": {"uv": [0, 8, 3, 10], "texture": "#1"},
				"south": {"uv": [10, 6, 12, 8], "texture": "#1"},
				"west": {"uv": [3, 8, 6, 10], "texture": "#1"},
				"up": {"uv": [10, 7, 8, 4], "texture": "#1"},
				"down": {"uv": [10, 7, 8, 10], "texture": "#1"}
			}
		}
	],
	"display": {
		"thirdperson_righthand": {
			"rotation": [75, 45, 0],
			"translation": [0, 2.5, 5.5],
			"scale": [0.8, 0.8, 0.8]
		},
		"thirdperson_lefthand": {
			"rotation": [75, 45, 0],
			"translation": [0, 2.5, 5.5],
			"scale": [0.8, 0.8, 0.8]
		},
		"firstperson_righthand": {
			"rotation": [0, 0, 19],
			"translation": [-5.75, 10, 5.5],
			"scale": [0.8, 0.8, 0.8]
		},
		"firstperson_lefthand": {
			"rotation": [0, 0, 19],
			"translation": [-5.75, 10, 5.5],
			"scale": [0.8, 0.8, 0.8]
		},
		"ground": {
			"translation": [0, 9, 0]
		},
		"gui": {
			"rotation": [30, 225, 0],
			"translation": [0, 12.5, 0],
			"scale": [2, 2, 2]
		},
		"head": {
			"translation": [-1.25, 32, 1.75],
			"scale": [3.2, 3.2, 3.2]
		},
		"fixed": {
			"rotation": [-90, 0, 0],
			"translation": [0, 0, -16],
			"scale": [2, 2, 2]
		}
	},
	"groups": [
		{
			"name": "donut_1",
			"origin": [0, 0, 0],
			"color": 0,
			"children": [0, 1, 2, 3]
		}
	]
}