{
	"credit": "Made with Blockbench",
	"textures": {
		"0": "custom:item/decoration/donut_1",
		"1": "custom:item/decoration/donut_2",
		"2": "custom:item/decoration/donut_3",
		"particle": "custom:item/decoration/donut_1"
	},
	"elements": [
		{
			"from": [4, 0, 4],
			"to": [7, 2, 6],
			"rotation": {"angle": 0, "axis": "y", "origin": [1, 0, 2]},
			"faces": {
				"north": {"uv": [0, 0, 3, 2], "texture": "#0"},
				"east": {"uv": [9, 0, 11, 2], "texture": "#0"},
				"south": {"uv": [0, 2, 3, 4], "texture": "#0"},
				"west": {"uv": [9, 2, 11, 4], "texture": "#0"},
				"up": {"uv": [6, 2, 3, 0], "texture": "#0"},
				"down": {"uv": [6, 2, 3, 4], "texture": "#0"}
			}
		},
		{
			"from": [6, 0, 7],
			"to": [9, 2, 9],
			"rotation": {"angle": 0, "axis": "y", "origin": [1, 0, 2]},
			"faces": {
				"north": {"uv": [0, 4, 3, 6], "texture": "#0"},
				"east": {"uv": [0, 10, 2, 12], "texture": "#0"},
				"south": {"uv": [3, 4, 6, 6], "texture": "#0"},
				"west": {"uv": [2, 10, 4, 12], "texture": "#0"},
				"up": {"uv": [3, 8, 0, 6], "texture": "#0"},
				"down": {"uv": [9, 0, 6, 2], "texture": "#0"}
			}
		},
		{
			"from": [7, 0, 4],
			"to": [9, 2, 7],
			"rotation": {"angle": 0, "axis": "y", "origin": [1, 0, 2]},
			"faces": {
				"north": {"uv": [4, 10, 6, 12], "texture": "#0"},
				"east": {"uv": [6, 2, 9, 4], "texture": "#0"},
				"south": {"uv": [10, 4, 12, 6], "texture": "#0"},
				"west": {"uv": [3, 6, 6, 8], "texture": "#0"},
				"up": {"uv": [8, 7, 6, 4], "texture": "#0"},
				"down": {"uv": [8, 7, 6, 10], "texture": "#0"}
			}
		},
		{
			"from": [4, 0, 6],
			"to": [6, 2, 9],
			"rotation": {"angle": 0, "axis": "y", "origin": [1, 0, 2]},
			"faces": {
				"north": {"uv": [6, 10, 8, 12], "texture": "#0"},
				"east": {"uv": [0, 8, 3, 10], "texture": "#0"},
				"south": {"uv": [10, 6, 12, 8], "texture": "#0"},
				"west": {"uv": [3, 8, 6, 10], "texture": "#0"},
				"up": {"uv": [10, 7, 8, 4], "texture": "#0"},
				"down": {"uv": [10, 7, 8, 10], "texture": "#0"}
			}
		},
		{
			"from": [6, 0, 4],
			"to": [9, 2, 6],
			"rotation": {"angle": -45, "axis": "z", "origin": [11, 0, 6]},
			"faces": {
				"north": {"uv": [0, 0, 3, 2], "texture": "#1"},
				"east": {"uv": [0, 9, 2, 11], "texture": "#1"},
				"south": {"uv": [0, 2, 3, 4], "texture": "#1"},
				"west": {"uv": [9, 2, 11, 4], "texture": "#1"},
				"up": {"uv": [6, 2, 3, 0], "texture": "#1"},
				"down": {"uv": [6, 2, 3, 4], "texture": "#1"}
			}
		},
		{
			"from": [6, 0, 6],
			"to": [8, 2, 9],
			"rotation": {"angle": -45, "axis": "z", "origin": [11, 0, 6]},
			"faces": {
				"north": {"uv": [5, 9, 7, 11], "texture": "#1"},
				"east": {"uv": [0, 8, 3, 10], "texture": "#1"},
				"south": {"uv": [10, 6, 12, 8], "texture": "#1"},
				"west": {"uv": [3, 8, 6, 10], "texture": "#1"},
				"up": {"uv": [10, 7, 8, 4], "texture": "#1"},
				"down": {"uv": [10, 7, 8, 10], "texture": "#1"}
			}
		},
		{
			"from": [9, 0, 4],
			"to": [11, 2, 7],
			"rotation": {"angle": -45, "axis": "z", "origin": [11, 0, 6]},
			"faces": {
				"north": {"uv": [4, 10, 6, 12], "texture": "#1"},
				"east": {"uv": [6, 2, 9, 4], "texture": "#1"},
				"south": {"uv": [7, 10, 9, 12], "texture": "#1"},
				"west": {"uv": [3, 6, 6, 8], "texture": "#1"},
				"up": {"uv": [8, 7, 6, 4], "texture": "#1"},
				"down": {"uv": [8, 7, 6, 10], "texture": "#1"}
			}
		},
		{
			"from": [8, 0, 7],
			"to": [11, 2, 9],
			"rotation": {"angle": -45, "axis": "z", "origin": [11, 0, 6]},
			"faces": {
				"north": {"uv": [0, 4, 3, 6], "texture": "#1"},
				"east": {"uv": [0, 10, 2, 12], "texture": "#1"},
				"south": {"uv": [3, 4, 6, 6], "texture": "#1"},
				"west": {"uv": [9, 10, 11, 12], "texture": "#1"},
				"up": {"uv": [3, 8, 0, 6], "texture": "#1"},
				"down": {"uv": [9, 0, 6, 2], "texture": "#1"}
			}
		},
		{
			"from": [7, 0, 9],
			"to": [10, 2, 11],
			"rotation": {"angle": 22.5, "axis": "y", "origin": [11, 0, 14]},
			"faces": {
				"north": {"uv": [0, 0, 3, 2], "texture": "#2"},
				"east": {"uv": [0, 9, 2, 11], "texture": "#2"},
				"south": {"uv": [0, 2, 3, 4], "texture": "#2"},
				"west": {"uv": [9, 2, 11, 4], "texture": "#2"},
				"up": {"uv": [6, 2, 3, 0], "texture": "#2"},
				"down": {"uv": [6, 2, 3, 4], "texture": "#2"}
			}
		},
		{
			"from": [7, 0, 11],
			"to": [9, 2, 14],
			"rotation": {"angle": 22.5, "axis": "y", "origin": [11, 0, 14]},
			"faces": {
				"north": {"uv": [5, 9, 7, 11], "texture": "#2"},
				"east": {"uv": [0, 8, 3, 10], "texture": "#2"},
				"south": {"uv": [10, 6, 12, 8], "texture": "#2"},
				"west": {"uv": [3, 8, 6, 10], "texture": "#2"},
				"up": {"uv": [10, 7, 8, 4], "texture": "#2"},
				"down": {"uv": [10, 7, 8, 10], "texture": "#2"}
			}
		},
		{
			"from": [10, 0, 9],
			"to": [12, 2, 12],
			"rotation": {"angle": 22.5, "axis": "y", "origin": [11, 0, 14]},
			"faces": {
				"north": {"uv": [4, 10, 6, 12], "texture": "#2"},
				"east": {"uv": [6, 2, 9, 4], "texture": "#2"},
				"south": {"uv": [7, 10, 9, 12], "texture": "#2"},
				"west": {"uv": [3, 6, 6, 8], "texture": "#2"},
				"up": {"uv": [8, 7, 6, 4], "texture": "#2"},
				"down": {"uv": [8, 7, 6, 10], "texture": "#2"}
			}
		},
		{
			"from": [9, 0, 12],
			"to": [12, 2, 14],
			"rotation": {"angle": 22.5, "axis": "y", "origin": [11, 0, 14]},
			"faces": {
				"north": {"uv": [0, 4, 3, 6], "texture": "#2"},
				"east": {"uv": [0, 10, 2, 12], "texture": "#2"},
				"south": {"uv": [3, 4, 6, 6], "texture": "#2"},
				"west": {"uv": [9, 10, 11, 12], "texture": "#2"},
				"up": {"uv": [3, 8, 0, 6], "texture": "#2"},
				"down": {"uv": [9, 0, 6, 2], "texture": "#2"}
			}
		}
	],
	"display": {
		"thirdperson_righthand": {
			"rotation": [75, 45, 0],
			"translation": [0, 2.5, 5.5],
			"scale": [0.8, 0.8, 0.8]
		},
		"thirdperson_lefthand": {
			"rotation": [75, 45, 0],
			"translation": [0, 2.5, 5.5],
			"scale": [0.8, 0.8, 0.8]
		},
		"firstperson_righthand": {
			"rotation": [0, -75, 0],
			"translation": [-5.75, 9.25, 5.5],
			"scale": [0.65, 0.65, 0.65]
		},
		"firstperson_lefthand": {
			"rotation": [0, 41, 0],
			"translation": [-4.75, 9.25, 5.5],
			"scale": [0.65, 0.65, 0.65]
		},
		"ground": {
			"translation": [0, 9, 0]
		},
		"gui": {
			"rotation": [30, -45, 0],
			"translation": [-0.25, 10, 0.75],
			"scale": [1.65, 1.71, 1.25]
		},
		"head": {
			"translation": [-1.25, 23.25, -1.5],
			"scale": [2.15, 2.15, 2.15]
		},
		"fixed": {
			"rotation": [-90, 0, 0],
			"translation": [0, 0, -16],
			"scale": [2, 2, 2]
		}
	},
	"groups": [
		{
			"name": "donuts",
			"origin": [8, 8, 8],
			"color": 0,
			"children": [
				{
					"name": "donut_1",
					"origin": [0, 0, 0],
					"color": 0,
					"children": [0, 1, 2, 3]
				},
				{
					"name": "donut_2",
					"origin": [0, 0, 0],
					"color": 0,
					"children": [4, 5, 6, 7]
				},
				{
					"name": "donut_3",
					"origin": [0, 0, 0],
					"color": 0,
					"children": [8, 9, 10, 11]
				}
			]
		}
	]
}