{
	"credit": "SilTime EugeneSMP2",
	"parent": "grave",
	"textures": {
		"0": "custom:item/decoration/grave"
	},
	"elements": [
		{
			"from": [0, 0, 9],
			"to": [16, 16, 12],
			"faces": {
				"north": {"uv": [0, 4.25, 4, 8.25], "texture": "#0"},
				"east": {"uv": [1.5, 0, 2.25, 4], "texture": "#0"},
				"south": {"uv": [4, 4.25, 8, 8.25], "texture": "#0"},
				"west": {"uv": [2.25, 0, 3, 4], "texture": "#0"},
				"up": {"uv": [8.5, 4, 4.5, 3.25], "texture": "#0"},
				"down": {"uv": [12, 4, 8, 4.75], "texture": "#0"}
			}
		}
	],
	"display": {
		"thirdperson_righthand": {
			"rotation": [75, 45, 0],
			"scale": [0.375, 0.375, 0.375]
		},
		"thirdperson_lefthand": {
			"rotation": [75, 45, 0],
			"scale": [0.375, 0.375, 0.375]
		},
		"firstperson_righthand": {
			"rotation": [0, 94, 0],
			"translation": [0, 3, 0],
			"scale": [0.4, 0.4, 0.4]
		},
		"firstperson_lefthand": {
			"rotation": [0, 94, 0],
			"translation": [0, 3, 0],
			"scale": [0.4, 0.4, 0.4]
		},
		"ground": {
			"translation": [0, 3, 0],
			"scale": [0.25, 0.25, 0.25]
		},
		"gui": {
			"rotation": [30, 225, 0],
			"scale": [0.625, 0.625, 0.625]
		},
		"head": {
			"translation": [0, 14.25, 0]
		},
		"fixed": {
			"rotation": [-90, 0, 0],
			"translation": [0, 0, -16],
			"scale": [2, 2, 2]
		}
	},
	"groups": [
		{
			"name": "bone3",
			"origin": [0, 0, 0],
			"color": 0,
			"children": [0]
		},
		{
			"name": "bone2",
			"origin": [0, 0, 0],
			"color": 0,
			"children": []
		},
		{
			"name": "bone",
			"origin": [0, 0, 0],
			"color": 0,
			"children": []
		}
	]
}