{
	"credit": "SilTime EugeneSMP2",
	"parent": "grave",
	"textures": {
		"0": "custom:item/decoration/grave"
	},
	"elements": [
		{
			"from": [0, 0, 13],
			"to": [16, 16, 16],
			"faces": {
				"north": {"uv": [0, 4.25, 4, 8.25], "texture": "#0"},
				"east": {"uv": [1.5, 0, 2.25, 4], "texture": "#0"},
				"south": {"uv": [4, 4.25, 8, 8.25], "texture": "#0"},
				"west": {"uv": [2.25, 0, 3, 4], "texture": "#0"},
				"up": {"uv": [8.5, 4, 4.5, 3.25], "texture": "#0"},
				"down": {"uv": [12, 4, 8, 4.75], "texture": "#0"}
			}
		},
		{
			"from": [1, 0, 0],
			"to": [15, 2, 13],
			"faces": {
				"north": {"uv": [8, 4.75, 11.5, 5.25], "texture": "#0"},
				"east": {"uv": [8, 5.75, 11.25, 6.25], "texture": "#0"},
				"south": {"uv": [8, 5.25, 11.5, 5.75], "texture": "#0"},
				"west": {"uv": [8, 6.25, 11.25, 6.75], "texture": "#0"},
				"up": {"uv": [8, 3.25, 4.5, 0], "texture": "#0"},
				"down": {"uv": [11.5, 0, 8, 3.25], "texture": "#0"}
			}
		},
		{
			"from": [5, 2, 5.5],
			"to": [11, 9, 5.5],
			"faces": {
				"north": {"uv": [3, 2.5, 4.5, 4.25], "texture": "#0"},
				"east": {"uv": [0, 0, 0, 1.75], "texture": "#0"},
				"south": {"uv": [4.5, 2.5, 3, 4.25], "texture": "#0"},
				"west": {"uv": [0, 0, 0, 1.75], "texture": "#0"},
				"up": {"uv": [1.5, 0, 0, 0], "texture": "#0"},
				"down": {"uv": [1.5, 0, 0, 0], "texture": "#0"}
			}
		},
		{
			"from": [7.5, 2, 3],
			"to": [7.5, 9, 9],
			"faces": {
				"north": {"uv": [0, 0, 0, 1.75], "texture": "#0"},
				"east": {"uv": [3, 2.5, 4.5, 4.25], "texture": "#0"},
				"south": {"uv": [0, 0, 0, 1.75], "texture": "#0"},
				"west": {"uv": [4.5, 2.5, 3, 4.25], "texture": "#0"},
				"up": {"uv": [1.5, 0, 0, 0], "rotation": 90, "texture": "#0"},
				"down": {"uv": [1.5, 0, 0, 0], "rotation": 270, "texture": "#0"}
			}
		},
		{
			"from": [11, 2, 9],
			"to": [11, 3, 10],
			"faces": {
				"north": {"uv": [0, 0, 0, 0.25], "texture": "#0"},
				"east": {"uv": [0, 3, 0.25, 3.25], "texture": "#0"},
				"south": {"uv": [0, 0, 0, 0.25], "texture": "#0"},
				"west": {"uv": [0.25, 3, 0.5, 3.25], "texture": "#0"},
				"up": {"uv": [0, 0.25, 0, 0], "texture": "#0"},
				"down": {"uv": [0, 0, 0, 0.25], "texture": "#0"}
			}
		},
		{
			"from": [5, 2, 9],
			"to": [6, 3, 9],
			"faces": {
				"north": {"uv": [0.5, 3, 0.75, 3.25], "texture": "#0"},
				"east": {"uv": [0, 0, 0, 0.25], "texture": "#0"},
				"south": {"uv": [0.75, 3, 1, 3.25], "texture": "#0"},
				"west": {"uv": [0, 0, 0, 0.25], "texture": "#0"},
				"up": {"uv": [0.25, 0, 0, 0], "texture": "#0"},
				"down": {"uv": [0.25, 0, 0, 0], "texture": "#0"}
			}
		},
		{
			"from": [7, 2, 11],
			"to": [8, 3, 11],
			"faces": {
				"north": {"uv": [0.5, 3, 0.75, 3.25], "texture": "#0"},
				"east": {"uv": [0, 0, 0, 0.25], "texture": "#0"},
				"south": {"uv": [0.75, 3, 1, 3.25], "texture": "#0"},
				"west": {"uv": [0, 0, 0, 0.25], "texture": "#0"},
				"up": {"uv": [0.25, 0, 0, 0], "texture": "#0"},
				"down": {"uv": [0.25, 0, 0, 0], "texture": "#0"}
			}
		},
		{
			"from": [10, 2, 4],
			"to": [11, 3, 4],
			"faces": {
				"north": {"uv": [1, 3, 1.25, 3.25], "texture": "#0"},
				"east": {"uv": [0, 0, 0, 0.25], "texture": "#0"},
				"south": {"uv": [1.25, 3, 1.5, 3.25], "texture": "#0"},
				"west": {"uv": [0, 0, 0, 0.25], "texture": "#0"},
				"up": {"uv": [0.25, 0, 0, 0], "texture": "#0"},
				"down": {"uv": [0.25, 0, 0, 0], "texture": "#0"}
			}
		}
	],
	"display": {
		"thirdperson_righthand": {
			"rotation": [49, 0, 0],
			"translation": [0, 2, 0],
			"scale": [0.34961, 0.35938, 0.3125]
		},
		"thirdperson_lefthand": {
			"rotation": [49, 0, 0],
			"translation": [0, 2, 0],
			"scale": [0.34961, 0.35938, 0.3125]
		},
		"firstperson_righthand": {
			"rotation": [0, 60, 0],
			"translation": [-1.5, 3.75, 2.25],
			"scale": [0.4, 0.4, 0.4]
		},
		"firstperson_lefthand": {
			"rotation": [0, 60, 0],
			"translation": [-1.5, 3.75, 2.25],
			"scale": [0.4, 0.4, 0.4]
		},
		"ground": {
			"translation": [0, 1.5, 0],
			"scale": [0.35, 0.35, 0.35]
		},
		"gui": {
			"rotation": [-164.92, 29.47, -179.12],
			"translation": [-0.75, 0, 0],
			"scale": [0.61, 0.61, 0.61719]
		},
		"head": {
			"translation": [0, 13.25, 0]
		},
		"fixed": {
			"rotation": [-90, 0, 0],
			"translation": [0, 0, -16],
			"scale": [2, 2, 2]
		}
	},
	"groups": [
		{
			"name": "bone3",
			"origin": [0, 0, 0],
			"color": 0,
			"children": [0, 1]
		},
		{
			"name": "bone2",
			"origin": [0, 0, 0],
			"color": 0,
			"children": [2, 3]
		},
		{
			"name": "bone",
			"origin": [0, 0, 0],
			"color": 0,
			"children": [4, 5, 6, 7]
		}
	]
}