{
	"credit": "Made with Blockbench",
	"texture_size": [64, 64],
	"textures": {
		"0": "custom:item/decoration/personal_pc",
		"particle": "custom:item/decoration/personal_pc"
	},
	"elements": [
		{
			"from": [1, 0, 6],
			"to": [15, 6, 16],
			"faces": {
				"north": {"uv": [5.75, 7.25, 9.25, 8.75], "texture": "#0"},
				"east": {"uv": [0, 9.25, 2.5, 10.75], "texture": "#0"},
				"south": {"uv": [0, 7.75, 3.5, 9.25], "texture": "#0"},
				"west": {"uv": [9.25, 4.5, 11.75, 6], "texture": "#0"},
				"up": {"uv": [7, 2.5, 3.5, 0], "texture": "#0"},
				"down": {"uv": [7, 2.5, 3.5, 5], "texture": "#0"}
			}
		},
		{
			"from": [1.999, 0, 1],
			"to": [14.009, 2, 8],
			"rotation": {"angle": -22.5, "axis": "x", "origin": [0, 0, 0]},
			"faces": {
				"north": {"uv": [10, 1.5, 13, 2], "texture": "#0"},
				"east": {"uv": [10, 3.25, 11.75, 3.75], "texture": "#0"},
				"south": {"uv": [10, 2, 13, 2.5], "texture": "#0"},
				"west": {"uv": [3.75, 10, 5.5, 10.5], "texture": "#0"},
				"up": {"uv": [8.75, 10.5, 5.75, 8.75], "texture": "#0"},
				"down": {"uv": [11.75, 8.75, 8.75, 10.5], "texture": "#0"}
			}
		},
		{
			"from": [1, 5.9999, 7],
			"to": [15, 17.0999, 16],
			"faces": {
				"north": {"uv": [0, 0, 3.5, 2.75], "texture": "#0"},
				"east": {"uv": [7, 4.5, 9.25, 7.25], "texture": "#0"},
				"south": {"uv": [0, 2.75, 3.5, 5.5], "texture": "#0"},
				"west": {"uv": [3.5, 7.25, 5.75, 10], "texture": "#0"},
				"up": {"uv": [7, 7.25, 3.5, 5], "texture": "#0"},
				"down": {"uv": [3.5, 5.5, 0, 7.75], "texture": "#0"}
			}
		},
		{
			"from": [2, 0, 2],
			"to": [14, 3, 7],
			"faces": {
				"north": {"uv": [10, 0, 13, 0.75], "texture": "#0"},
				"east": {"uv": [2.5, 10, 3.75, 10.75], "texture": "#0"},
				"south": {"uv": [10, 0.75, 13, 1.5], "texture": "#0"},
				"west": {"uv": [10, 2.5, 11.25, 3.25], "texture": "#0"},
				"up": {"uv": [12.25, 7.25, 9.25, 6], "texture": "#0"},
				"down": {"uv": [12.25, 7.25, 9.25, 8.5], "texture": "#0"}
			}
		},
		{
			"from": [2, 7, 16],
			"to": [14, 16, 17],
			"faces": {
				"north": {"uv": [7, 0, 10, 2.25], "texture": "#0"},
				"east": {"uv": [5.5, 10, 5.75, 12.25], "texture": "#0"},
				"south": {"uv": [7, 2.25, 10, 4.5], "texture": "#0"},
				"west": {"uv": [3.75, 10.5, 4, 12.75], "texture": "#0"},
				"up": {"uv": [12.25, 8.75, 9.25, 8.5], "texture": "#0"},
				"down": {"uv": [13, 3.75, 10, 4], "texture": "#0"}
			}
		}
	],
	"display": {
		"thirdperson_righthand": {
			"rotation": [75, 45, 0],
			"translation": [0, 2.5, 0],
			"scale": [0.375, 0.375, 0.375]
		},
		"thirdperson_lefthand": {
			"rotation": [75, 45, 0],
			"translation": [0, 2.5, 0],
			"scale": [0.375, 0.375, 0.375]
		},
		"firstperson_righthand": {
			"rotation": [0, 99, 0],
			"translation": [0, 2.5, 2],
			"scale": [0.4, 0.4, 0.4]
		},
		"firstperson_lefthand": {
			"rotation": [0, 99, 0],
			"translation": [0, 2.5, 2],
			"scale": [0.4, 0.4, 0.4]
		},
		"ground": {
			"translation": [0, 3.5, 0],
			"scale": [0.4, 0.4, 0.4]
		},
		"gui": {
			"rotation": [-180, 32.75, -180],
			"translation": [-0.5, 0, 0],
			"scale": [0.6, 0.6, 0.6]
		},
		"head": {
			"translation": [0, -15.5, -1.5],
			"scale": [1.65, 1.65, 1.65]
		},
		"fixed": {
			"rotation": [-90, 0, 0],
			"translation": [0, 0, -16],
			"scale": [2.03, 2.03, 2.03]
		}
	}
}