{
	"credit": "Made with Blockbench",
	"texture_size": [32, 32],
	"textures": {
		"0": "custom:item/decoration/photo_camera",
		"particle": "custom:item/decoration/photo_camera"
	},
	"elements": [
		{
			"from": [8, 16, 4],
			"to": [11, 21, 12],
			"faces": {
				"north": {"uv": [9.5, 2, 11, 4.5], "texture": "#0"},
				"east": {"uv": [0, 0, 4, 2.5], "texture": "#0"},
				"south": {"uv": [9.5, 4.5, 11, 7], "texture": "#0"},
				"west": {"uv": [0, 2.5, 4, 5], "texture": "#0"},
				"up": {"uv": [9.5, 4, 8, 0], "texture": "#0"},
				"down": {"uv": [9.5, 4, 8, 8], "texture": "#0"}
			}
		},
		{
			"from": [8, 15, 7],
			"to": [10, 16, 9],
			"faces": {
				"north": {"uv": [11.5, 10, 12.5, 10.5], "texture": "#0"},
				"east": {"uv": [11.5, 10.5, 12.5, 11], "texture": "#0"},
				"south": {"uv": [0, 12, 1, 12.5], "texture": "#0"},
				"west": {"uv": [12, 0, 13, 0.5], "texture": "#0"},
				"up": {"uv": [11.5, 11, 10.5, 10], "texture": "#0"},
				"down": {"uv": [12, 2, 11, 3], "texture": "#0"}
			}
		},
		{
			"from": [9, 21, 9],
			"to": [10, 22, 11],
			"faces": {
				"north": {"uv": [3.5, 12, 4, 12.5], "texture": "#0"},
				"east": {"uv": [12, 0.5, 13, 1], "texture": "#0"},
				"south": {"uv": [12, 4, 12.5, 4.5], "texture": "#0"},
				"west": {"uv": [1, 12, 2, 12.5], "texture": "#0"},
				"up": {"uv": [12.5, 2, 12, 1], "texture": "#0"},
				"down": {"uv": [2.5, 12, 2, 13], "texture": "#0"}
			}
		},
		{
			"from": [11, 17, 6],
			"to": [12, 19, 8],
			"faces": {
				"north": {"uv": [12, 2, 12.5, 3], "texture": "#0"},
				"east": {"uv": [11, 3, 12, 4], "texture": "#0"},
				"south": {"uv": [2.5, 12, 3, 13], "texture": "#0"},
				"west": {"uv": [11, 4, 12, 5], "texture": "#0"},
				"up": {"uv": [3.5, 13, 3, 12], "texture": "#0"},
				"down": {"uv": [12.5, 3, 12, 4], "texture": "#0"}
			}
		},
		{
			"from": [9, 21, 9.001],
			"to": [10, 22, 9.001],
			"color": 0,
			"faces": {
				"north": {"uv": [0, 0, 0.5, 0.5], "texture": "#missing"},
				"east": {"uv": [0, 0, 0, 0.5], "texture": "#missing"},
				"south": {"uv": [0, 0, 0.5, 0.5], "texture": "#missing"},
				"west": {"uv": [0, 0, 0, 0.5], "texture": "#missing"},
				"up": {"uv": [0, 0, 0.5, 0], "texture": "#missing"},
				"down": {"uv": [0, 0, 0.5, 0], "texture": "#missing"}
			}
		},
		{
			"from": [9, 21.999, 9],
			"to": [10, 21.999, 11],
			"color": 0,
			"faces": {
				"north": {"uv": [0, 0, 0.5, 0], "texture": "#missing"},
				"east": {"uv": [0, 0, 1, 0], "texture": "#missing"},
				"south": {"uv": [0, 0, 0.5, 0], "texture": "#missing"},
				"west": {"uv": [0, 0, 1, 0], "texture": "#missing"},
				"up": {"uv": [0, 0, 0.5, 1], "texture": "#missing"},
				"down": {"uv": [0, 0, 0.5, 1], "texture": "#missing"}
			}
		},
		{
			"from": [9, 21, 10.999],
			"to": [10, 22, 10.999],
			"color": 0,
			"faces": {
				"north": {"uv": [0, 0, 0.5, 0.5], "texture": "#missing"},
				"east": {"uv": [0, 0, 0, 0.5], "texture": "#missing"},
				"south": {"uv": [0, 0, 0.5, 0.5], "texture": "#missing"},
				"west": {"uv": [0, 0, 0, 0.5], "texture": "#missing"},
				"up": {"uv": [0, 0, 0.5, 0], "texture": "#missing"},
				"down": {"uv": [0, 0, 0.5, 0], "texture": "#missing"}
			}
		},
		{
			"from": [1, 0, 7],
			"to": [3, 14, 9],
			"rotation": {"angle": -22.5, "axis": "z", "origin": [3, 0, 8]},
			"faces": {
				"north": {"uv": [4, 0, 5, 7], "texture": "#0"},
				"east": {"uv": [0, 5, 1, 12], "texture": "#0"},
				"south": {"uv": [5, 0, 6, 7], "texture": "#0"},
				"west": {"uv": [1, 5, 2, 12], "texture": "#0"},
				"up": {"uv": [12, 6, 11, 5], "texture": "#0"},
				"down": {"uv": [12, 6, 11, 7], "texture": "#0"}
			}
		},
		{
			"from": [9, 0, 0],
			"to": [11, 14, 2],
			"rotation": {"angle": 22.5, "axis": "x", "origin": [10, 0, 2]},
			"faces": {
				"north": {"uv": [4, 0, 5, 7], "texture": "#0"},
				"east": {"uv": [0, 5, 1, 12], "texture": "#0"},
				"south": {"uv": [5, 0, 6, 7], "texture": "#0"},
				"west": {"uv": [1, 5, 2, 12], "texture": "#0"},
				"up": {"uv": [12, 6, 11, 5], "texture": "#0"},
				"down": {"uv": [12, 6, 11, 7], "texture": "#0"}
			}
		},
		{
			"from": [9, 0, 14],
			"to": [11, 14, 16],
			"rotation": {"angle": -22.5, "axis": "x", "origin": [10, 0, 14]},
			"faces": {
				"north": {"uv": [4, 0, 5, 7], "texture": "#0"},
				"east": {"uv": [0, 5, 1, 12], "texture": "#0"},
				"south": {"uv": [5, 0, 6, 7], "texture": "#0"},
				"west": {"uv": [1, 5, 2, 12], "texture": "#0"},
				"up": {"uv": [12, 6, 11, 5], "texture": "#0"},
				"down": {"uv": [12, 6, 11, 7], "texture": "#0"}
			}
		},
		{
			"from": [7, 13, 6],
			"to": [12, 15, 10],
			"faces": {
				"north": {"uv": [9.5, 7, 12, 8], "texture": "#0"},
				"east": {"uv": [10.5, 8, 12.5, 9], "texture": "#0"},
				"south": {"uv": [8, 10, 10.5, 11], "texture": "#0"},
				"west": {"uv": [10.5, 9, 12.5, 10], "texture": "#0"},
				"up": {"uv": [10.5, 10, 8, 8], "texture": "#0"},
				"down": {"uv": [12, 0, 9.5, 2], "texture": "#0"}
			}
		}
	],
	"display": {
		"firstperson_righthand": {
			"translation": [0, -3, 0]
		},
		"firstperson_lefthand": {
			"rotation": [0, -83, 0],
			"translation": [0, -3, 2.25]
		},
		"ground": {
			"translation": [0, 1, 0],
			"scale": [0.4, 0.4, 0.4]
		},
		"gui": {
			"rotation": [30, 225, 0],
			"translation": [0, -0.5, 0],
			"scale": [0.625, 0.625, 0.625]
		},
		"head": {
			"rotation": [0, 90, 0],
			"translation": [0, 0.5, -3]
		},
		"fixed": {
			"rotation": [-90, 0, 0],
			"translation": [0, 0, -16],
			"scale": [2, 2, 2]
		}
	},
	"groups": [
		{
			"name": "photo_camera",
			"origin": [0, 0, 0],
			"color": 0,
			"children": [
				{
					"name": "camera",
					"origin": [0, 0, 0],
					"color": 0,
					"children": [0, 1, 2, 3, 4, 5, 6]
				},
				{
					"name": "trinoga",
					"origin": [0, 0, 0],
					"color": 0,
					"children": [7, 8, 9, 10]
				}
			]
		}
	]
}