{
	"credit": "Made with Blockbench",
	"texture_size": [64, 64],
	"textures": {
		"0": "custom:item/decoration/radio",
		"particle": "custom:item/decoration/radio"
	},
	"elements": [
		{
			"from": [0, 0, 3],
			"to": [16, 10, 13],
			"faces": {
				"north": {"uv": [0, 0, 4, 2.5], "texture": "#0"},
				"east": {"uv": [0, 5, 2.5, 7.5], "texture": "#0"},
				"south": {"uv": [0, 2.5, 4, 5], "texture": "#0"},
				"west": {"uv": [2.5, 5, 5, 7.5], "texture": "#0"},
				"up": {"uv": [8, 2.5, 4, 0], "texture": "#0"},
				"down": {"uv": [8, 2.5, 4, 5], "texture": "#0"}
			}
		},
		{
			"from": [8, 12, 8],
			"to": [9, 27, 8],
			"rotation": {"angle": -22.5, "axis": "z", "origin": [0, 0, 0]},
			"faces": {
				"north": {"uv": [5, 5, 5.25, 8.75], "texture": "#0"},
				"east": {"uv": [0, 0, 0, 3.75], "texture": "#0"},
				"south": {"uv": [5.25, 5, 5.5, 8.75], "texture": "#0"},
				"west": {"uv": [0, 0, 0, 3.75], "texture": "#0"},
				"up": {"uv": [0.25, 0, 0, 0], "texture": "#0"},
				"down": {"uv": [0.25, 0, 0, 0], "texture": "#0"}
			}
		}
	],
	"display": {
		"thirdperson_righthand": {
			"rotation": [75, -137, 0],
			"translation": [1, 2.5, 1],
			"scale": [0.375, 0.375, 0.375]
		},
		"thirdperson_lefthand": {
			"rotation": [75, -137, 0],
			"translation": [1, 2.5, 1],
			"scale": [0.375, 0.375, 0.375]
		},
		"firstperson_righthand": {
			"rotation": [0, -74, 0],
			"translation": [0.75, 3, 1.5],
			"scale": [0.4, 0.4, 0.4]
		},
		"firstperson_lefthand": {
			"rotation": [0, -74, 0],
			"translation": [0.75, 3, 1.5],
			"scale": [0.4, 0.4, 0.4]
		},
		"ground": {
			"translation": [0, 3.5, 0],
			"scale": [0.5, 0.5, 0.5]
		},
		"gui": {
			"rotation": [30, 45, 0],
			"scale": [0.625, 0.625, 0.625]
		},
		"head": {
			"rotation": [0, -180, 0],
			"translation": [0, 13, 0],
			"scale": [0.75, 0.75, 0.75]
		},
		"fixed": {
			"rotation": [-91, 0, 0],
			"translation": [0, 0, -13],
			"scale": [1.6, 1.6, 1.6]
		}
	}
}