{
	"credit": "Made with Blockbench",
	"texture_size": [64, 64],
	"textures": {
		"0": "custom:item/decoration/road_sign",
		"particle": "custom:item/decoration/road_sign"
	},
	"elements": [
		{
			"from": [0, 16, 8],
			"to": [16, 32, 8],
			"faces": {
				"north": {"uv": [0, 0, 4, 4], "texture": "#0"},
				"east": {"uv": [0, 0, 0, 4], "texture": "#0"},
				"south": {"uv": [0, 4, 4, 8], "texture": "#0"},
				"west": {"uv": [0, 0, 0, 4], "texture": "#0"},
				"up": {"uv": [4, 0, 0, 0], "texture": "#0"},
				"down": {"uv": [4, 0, 0, 0], "texture": "#0"}
			}
		},
		{
			"from": [1, -16, 1],
			"to": [15, -13, 15],
			"faces": {
				"north": {"uv": [6, 7, 9.5, 7.75], "texture": "#0"},
				"east": {"uv": [7.5, 0, 11, 0.75], "texture": "#0"},
				"south": {"uv": [7.5, 0.75, 11, 1.5], "texture": "#0"},
				"west": {"uv": [7.5, 1.5, 11, 2.25], "texture": "#0"},
				"up": {"uv": [7.5, 3.5, 4, 0], "texture": "#0"},
				"down": {"uv": [7.5, 3.5, 4, 7], "texture": "#0"}
			}
		},
		{
			"from": [7, -13, 7],
			"to": [9, 17, 9],
			"faces": {
				"north": {"uv": [4, 7, 4.5, 14.5], "texture": "#0"},
				"east": {"uv": [4.5, 7, 5, 14.5], "texture": "#0"},
				"south": {"uv": [5, 7, 5.5, 14.5], "texture": "#0"},
				"west": {"uv": [5.5, 7, 6, 14.5], "texture": "#0"},
				"up": {"uv": [8, 2.75, 7.5, 2.25], "texture": "#0"},
				"down": {"uv": [8, 2.75, 7.5, 3.25], "texture": "#0"}
			}
		}
	],
	"display": {
		"thirdperson_righthand": {
			"rotation": [0, 45, 0],
			"translation": [0, 3, 1],
			"scale": [0.375, 0.375, 0.375]
		},
		"thirdperson_lefthand": {
			"rotation": [0, 45, 0],
			"translation": [0, 3, 1],
			"scale": [0.375, 0.375, 0.375]
		},
		"firstperson_righthand": {
			"rotation": [0, 89, 0],
			"scale": [0.4, 0.4, 0.4]
		},
		"firstperson_lefthand": {
			"rotation": [0, 89, 0],
			"scale": [0.4, 0.4, 0.4]
		},
		"ground": {
			"translation": [0, 5.75, 0],
			"scale": [0.25, 0.25, 0.25]
		},
		"gui": {
			"rotation": [30, 225, 0],
			"translation": [0, 0.5, 0],
			"scale": [0.32, 0.32, 0.32]
		},
		"head": {
			"translation": [0, 30, 0]
		},
		"fixed": {
			"rotation": [-90, 0, 0],
			"translation": [0, 0, -48],
			"scale": [2, 2, 2]
		}
	},
	"groups": [
		{
			"name": "road_sign",
			"origin": [8, 8, 8],
			"color": 0,
			"children": [0, 1, 2]
		}
	]
}