{
	"credit": "Made with Blockbench",
	"texture_size": [64, 64],
	"textures": {
		"1": "custom:item/decoration/traffic_cone"
	},
	"elements": [
		{
			"from": [3, 1, 3],
			"to": [13, 4, 13],
			"faces": {
				"north": {"uv": [1.5, 5.5, 4, 6.25], "texture": "#1"},
				"east": {"uv": [4, 6, 6.5, 6.75], "texture": "#1"},
				"south": {"uv": [6, 4.5, 8.5, 5.25], "texture": "#1"},
				"west": {"uv": [6, 5.25, 8.5, 6], "texture": "#1"},
				"up": {"uv": [2.5, 2.5, 0, 0], "texture": "#1"},
				"down": {"uv": [2.5, 2.5, 0, 5], "texture": "#1"}
			}
		},
		{
			"from": [4, 4, 4],
			"to": [12, 10, 12],
			"faces": {
				"north": {"uv": [2.5, 4, 4.5, 5.5], "texture": "#1"},
				"east": {"uv": [4.5, 0, 6.5, 1.5], "texture": "#1"},
				"south": {"uv": [4.5, 1.5, 6.5, 3], "texture": "#1"},
				"west": {"uv": [4.5, 3, 6.5, 4.5], "texture": "#1"},
				"up": {"uv": [4.5, 2, 2.5, 0], "texture": "#1"},
				"down": {"uv": [4.5, 2, 2.5, 4], "texture": "#1"}
			}
		},
		{
			"from": [5, 10, 5],
			"to": [11, 15, 11],
			"faces": {
				"north": {"uv": [1.5, 6.25, 3, 7.5], "texture": "#1"},
				"east": {"uv": [0, 6.5, 1.5, 7.75], "texture": "#1"},
				"south": {"uv": [6.5, 0, 8, 1.25], "texture": "#1"},
				"west": {"uv": [6.5, 1.25, 8, 2.5], "texture": "#1"},
				"up": {"uv": [6, 6, 4.5, 4.5], "texture": "#1"},
				"down": {"uv": [1.5, 5, 0, 6.5], "texture": "#1"}
			}
		},
		{
			"from": [1, 0, 1],
			"to": [15, 1, 15],
			"faces": {
				"north": {"uv": [6.5, 6, 9.5, 6.25], "texture": "#1"},
				"east": {"uv": [6.5, 6, 9.5, 6.25], "texture": "#1"},
				"south": {"uv": [6.5, 6, 9.5, 6.25], "texture": "#1"},
				"west": {"uv": [6.5, 6, 9.5, 6.25], "texture": "#1"},
				"up": {"uv": [13, 0, 16, 3], "texture": "#1"},
				"down": {"uv": [9.5, 0, 12.5, 3], "texture": "#1"}
			}
		}
	],
	"display": {
		"thirdperson_righthand": {
			"scale": [0.51, 0.51, 0.51]
		},
		"thirdperson_lefthand": {
			"scale": [0.51, 0.51, 0.51]
		},
		"firstperson_righthand": {
			"translation": [0, 0.75, 0],
			"scale": [0.51, 0.51, 0.51]
		},
		"firstperson_lefthand": {
			"translation": [0, 0.75, 0],
			"scale": [0.51, 0.51, 0.51]
		},
		"ground": {
			"translation": [0, 3, 0],
			"scale": [0.25, 0.25, 0.25]
		},
		"gui": {
			"rotation": [30, 225, 0],
			"scale": [0.625, 0.625, 0.625]
		},
		"head": {
			"translation": [0, 12.25, 0],
			"scale": [1.3, 1.3, 1.3]
		},
		"fixed": {
			"rotation": [-90, 0, 0],
			"translation": [0, 0, -16],
			"scale": [2, 2, 2]
		}
	},
	"groups": [
		{
			"name": "traffic_cone",
			"origin": [8, 8, 8],
			"color": 0,
			"children": [0, 1, 2, 3]
		}
	]
}