{
	"credit": "Made with Blockbench",
	"texture_size": [64, 64],
	"textures": {
		"0": "custom:item/decoration/ships_cannon",
		"particle": "custom:item/decoration/ships_cannon"
	},
	"elements": [
		{
			"from": [5, 10, -16],
			"to": [11, 16, 10],
			"faces": {
				"north": {"uv": [10.5, 1.5, 12, 3], "texture": "#0"},
				"east": {"uv": [0, 7, 6.5, 8.5], "texture": "#0"},
				"south": {"uv": [4.5, 10.5, 6, 12], "texture": "#0"},
				"west": {"uv": [7, 0, 13.5, 1.5], "texture": "#0"},
				"up": {"uv": [8.5, 8, 7, 1.5], "texture": "#0"},
				"down": {"uv": [8, 8, 6.5, 14.5], "texture": "#0"}
			}
		},
		{
			"from": [4, 9, 10],
			"to": [12, 17, 20],
			"faces": {
				"north": {"uv": [4.5, 8.5, 6.5, 10.5], "texture": "#0"},
				"east": {"uv": [8, 8, 10.5, 10], "texture": "#0"},
				"south": {"uv": [8, 10, 10, 12], "texture": "#0"},
				"west": {"uv": [0, 8.5, 2.5, 10.5], "texture": "#0"},
				"up": {"uv": [10.5, 4, 8.5, 1.5], "texture": "#0"},
				"down": {"uv": [4.5, 8.5, 2.5, 11], "texture": "#0"}
			}
		},
		{
			"from": [2, -1, 1],
			"to": [4, 13, 15],
			"faces": {
				"north": {"uv": [1.5, 10.5, 2, 14], "texture": "#0"},
				"east": {"uv": [0, 0, 3.5, 3.5], "texture": "#0"},
				"south": {"uv": [2, 10.5, 2.5, 14], "texture": "#0"},
				"west": {"uv": [0, 3.5, 3.5, 7], "texture": "#0"},
				"up": {"uv": [6.5, 14, 6, 10.5], "texture": "#0"},
				"down": {"uv": [11, 8, 10.5, 11.5], "texture": "#0"}
			}
		},
		{
			"from": [12, -1, 1],
			"to": [14, 13, 15],
			"faces": {
				"north": {"uv": [2.5, 11, 3, 14.5], "texture": "#0"},
				"east": {"uv": [3.5, 0, 7, 3.5], "texture": "#0"},
				"south": {"uv": [3, 11, 3.5, 14.5], "texture": "#0"},
				"west": {"uv": [3.5, 3.5, 7, 7], "texture": "#0"},
				"up": {"uv": [4, 14.5, 3.5, 11], "texture": "#0"},
				"down": {"uv": [4.5, 11, 4, 14.5], "texture": "#0"}
			}
		},
		{
			"from": [1, 5, 7],
			"to": [15, 7, 9],
			"faces": {
				"north": {"uv": [10.5, 3, 14, 3.5], "texture": "#0"},
				"east": {"uv": [12, 2.5, 12.5, 3], "texture": "#0"},
				"south": {"uv": [10.5, 3.5, 14, 4], "texture": "#0"},
				"west": {"uv": [4.5, 12, 5, 12.5], "texture": "#0"},
				"up": {"uv": [14.5, 8.5, 11, 8], "texture": "#0"},
				"down": {"uv": [14.5, 8.5, 11, 9], "texture": "#0"}
			}
		},
		{
			"from": [3, 10, 8],
			"to": [5, 14, 27],
			"rotation": {"angle": 22.5, "axis": "x", "origin": [0, 0, 0]},
			"faces": {
				"north": {"uv": [6.5, 7, 7, 8], "texture": "#0"},
				"east": {"uv": [8.5, 4, 13.25, 5], "texture": "#0"},
				"south": {"uv": [11, 11, 11.5, 12], "texture": "#0"},
				"west": {"uv": [8.5, 5, 13.25, 6], "texture": "#0"},
				"up": {"uv": [10.5, 14.75, 10, 10], "texture": "#0"},
				"down": {"uv": [0.5, 10.5, 0, 15.25], "texture": "#0"}
			}
		},
		{
			"from": [11, 10, 8],
			"to": [13, 14, 27],
			"rotation": {"angle": 22.5, "axis": "x", "origin": [0, 0, 0]},
			"faces": {
				"north": {"uv": [10.5, 11.5, 11, 12.5], "texture": "#0"},
				"east": {"uv": [8.5, 6, 13.25, 7], "texture": "#0"},
				"south": {"uv": [11.5, 11, 12, 12], "texture": "#0"},
				"west": {"uv": [8.5, 7, 13.25, 8], "texture": "#0"},
				"up": {"uv": [1, 15.25, 0.5, 10.5], "texture": "#0"},
				"down": {"uv": [1.5, 10.5, 1, 15.25], "texture": "#0"}
			}
		},
		{
			"from": [5, 0, 28],
			"to": [11, 2, 30],
			"faces": {
				"north": {"uv": [11, 9, 12.5, 9.5], "texture": "#0"},
				"east": {"uv": [5, 12, 5.5, 12.5], "texture": "#0"},
				"south": {"uv": [11, 9.5, 12.5, 10], "texture": "#0"},
				"west": {"uv": [5.5, 12, 6, 12.5], "texture": "#0"},
				"up": {"uv": [12.5, 10.5, 11, 10], "texture": "#0"},
				"down": {"uv": [12.5, 10.5, 11, 11], "texture": "#0"}
			}
		},
		{
			"from": [7, 12, 20],
			"to": [9, 14, 21],
			"faces": {
				"north": {"uv": [8, 12, 8.5, 12.5], "texture": "#0"},
				"east": {"uv": [9, 12, 9.25, 12.5], "texture": "#0"},
				"south": {"uv": [8.5, 12, 9, 12.5], "texture": "#0"},
				"west": {"uv": [9.25, 12, 9.5, 12.5], "texture": "#0"},
				"up": {"uv": [10, 12.25, 9.5, 12], "texture": "#0"},
				"down": {"uv": [11.5, 12, 11, 12.25], "texture": "#0"}
			}
		},
		{
			"from": [7, 16, -14],
			"to": [9, 18, -14],
			"faces": {
				"north": {"uv": [12, 1.5, 12.5, 2], "texture": "#0"},
				"east": {"uv": [0, 0, 0, 0.5], "texture": "#0"},
				"south": {"uv": [12, 2, 12.5, 2.5], "texture": "#0"},
				"west": {"uv": [0, 0, 0, 0.5], "texture": "#0"},
				"up": {"uv": [0.5, 0, 0, 0], "texture": "#0"},
				"down": {"uv": [0.5, 0, 0, 0], "texture": "#0"}
			}
		}
	],
	"display": {
		"thirdperson_righthand": {
			"translation": [0, 1.5, 0],
			"scale": [0.19, 0.19, 0.19]
		},
		"thirdperson_lefthand": {
			"scale": [0.19, 0.19, 0.19]
		},
		"firstperson_righthand": {
			"scale": [0.72, 0.72, 0.72]
		},
		"firstperson_lefthand": {
			"scale": [0.72, 0.72, 0.72]
		},
		"ground": {
			"translation": [0, 13.75, 0],
			"scale": [0.3, 0.3, 0.3]
		},
		"gui": {
			"rotation": [-180, 39.5, -180],
			"scale": [0.34, 0.34, 0.34]
		},
		"fixed": {
			"rotation": [-89.75, 0, 0],
			"translation": [0, 0.25, -21],
			"scale": [2.34, 2.34, 2.34]
		}
	}
}