{
	"credit": "Made with Blockbench",
	"texture_size": [64, 64],
	"textures": {
		"1": "custom:item/decoration/steering_wheel"
	},
	"elements": [
		{
			"from": [6, 0, 6],
			"to": [10, 1, 10],
			"faces": {
				"north": {"uv": [6, 3, 7, 3.25], "texture": "#1"},
				"east": {"uv": [6, 3.25, 7, 3.5], "texture": "#1"},
				"south": {"uv": [6, 3.5, 7, 3.75], "texture": "#1"},
				"west": {"uv": [6, 3.75, 7, 4], "texture": "#1"},
				"up": {"uv": [7, 1, 6, 0], "texture": "#1"},
				"down": {"uv": [7, 1, 6, 2], "texture": "#1"}
			}
		},
		{
			"from": [-4, 1, -4],
			"to": [20, 1, 20],
			"faces": {
				"north": {"uv": [0, 0, 6, 0], "texture": "#1"},
				"east": {"uv": [0, 0, 6, 0], "texture": "#1"},
				"south": {"uv": [0, 0, 6, 0], "texture": "#1"},
				"west": {"uv": [0, 0, 6, 0], "texture": "#1"},
				"up": {"uv": [6, 6, 0, 0], "texture": "#1"},
				"down": {"uv": [6, 6, 0, 12], "texture": "#1"}
			}
		},
		{
			"from": [7, 1, 7],
			"to": [9, 2, 9],
			"faces": {
				"north": {"uv": [6, 4, 6.5, 4.25], "texture": "#1"},
				"east": {"uv": [6, 4.25, 6.5, 4.5], "texture": "#1"},
				"south": {"uv": [6, 4.5, 6.5, 4.75], "texture": "#1"},
				"west": {"uv": [6, 4.75, 6.5, 5], "texture": "#1"},
				"up": {"uv": [6.5, 2.5, 6, 2], "texture": "#1"},
				"down": {"uv": [6.5, 2.5, 6, 3], "texture": "#1"}
			}
		}
	],
	"display": {
		"thirdperson_righthand": {
			"translation": [0, 2.75, 0],
			"scale": [0.32, 0.32, 0.32]
		},
		"thirdperson_lefthand": {
			"translation": [0, 2.75, 0],
			"scale": [0.32, 0.32, 0.32]
		},
		"firstperson_righthand": {
			"rotation": [60.86, -18.36, 29.42],
			"translation": [0, 6, 3.25],
			"scale": [0.61, 0.61, 0.61]
		},
		"firstperson_lefthand": {
			"rotation": [87.41, -29.64, 86.79],
			"translation": [-4.25, 6.25, 0],
			"scale": [0.61, 0.61, 0.61]
		},
		"ground": {
			"translation": [0, 11.75, 0],
			"scale": [0.3, 0.3, 0.3]
		},
		"gui": {
			"rotation": [71, -16.75, 18.49],
			"translation": [-1, 2, 0],
			"scale": [0.61, 0.61, 0.61]
		},
		"fixed": {
			"rotation": [-90.25, 0, 0],
			"translation": [0, 0, -20.5],
			"scale": [2.74, 2.74, 2.74]
		}
	}
}