{
	"credit": "Made with Blockbench",
	"texture_size": [64, 64],
	"textures": {
		"1": "custom:item/decoration/stepladder",
		"particle": "custom:item/decoration/stepladder"
	},
	"elements": [
		{
			"from": [11, 6, 0],
			"to": [15, 8, 16],
			"faces": {
				"north": {"uv": [7, 3.5, 8, 4], "texture": "#1"},
				"east": {"uv": [2, 4, 6, 4.5], "texture": "#1"},
				"south": {"uv": [7, 3.5, 8, 4], "texture": "#1"},
				"west": {"uv": [2, 4, 6, 4.5], "texture": "#1"},
				"up": {"uv": [1, 4, 0, 0], "texture": "#1"},
				"down": {"uv": [1, 0, 0, 4], "texture": "#1"}
			}
		},
		{
			"from": [1, 6, 0],
			"to": [5, 8, 16],
			"faces": {
				"north": {"uv": [7, 3.5, 8, 4], "texture": "#1"},
				"east": {"uv": [2, 4, 6, 4.5], "texture": "#1"},
				"south": {"uv": [7, 3.5, 8, 4], "texture": "#1"},
				"west": {"uv": [2, 4, 6, 4.5], "texture": "#1"},
				"up": {"uv": [1, 4, 0, 0], "texture": "#1"},
				"down": {"uv": [1, 0, 0, 4], "texture": "#1"}
			}
		},
		{
			"from": [5, 14, 0],
			"to": [11, 16, 16],
			"faces": {
				"north": {"uv": [7.5, 2, 9, 2.5], "texture": "#1"},
				"east": {"uv": [7.5, 0, 11.5, 0.5], "texture": "#1"},
				"south": {"uv": [7.5, 2, 9, 2.5], "texture": "#1"},
				"west": {"uv": [7.5, 0, 11.5, 0.5], "texture": "#1"},
				"up": {"uv": [9.75, 9, 8.25, 5], "texture": "#1"},
				"down": {"uv": [9.75, 5, 8.25, 9], "texture": "#1"}
			}
		},
		{
			"from": [14, 0, 1],
			"to": [16, 16, 3],
			"rotation": {"angle": 22.5, "axis": "z", "origin": [16, 0, 0]},
			"faces": {
				"north": {"uv": [6.5, 0, 7, 4], "texture": "#1"},
				"east": {"uv": [2, 5, 2.5, 9], "texture": "#1"},
				"south": {"uv": [6, 0, 6.5, 4], "texture": "#1"},
				"west": {"uv": [7, 4, 7.5, 8], "texture": "#1"},
				"up": {"uv": [0.5, 8.5, 0, 8], "texture": "#1"},
				"down": {"uv": [1, 8, 0.5, 8.5], "texture": "#1"}
			}
		},
		{
			"from": [0, 0, 1],
			"to": [2, 16, 3],
			"rotation": {"angle": -22.5, "axis": "z", "origin": [0, 0, 0]},
			"faces": {
				"north": {"uv": [6.5, 0, 7, 4], "texture": "#1"},
				"east": {"uv": [2, 5, 2.5, 9], "texture": "#1"},
				"south": {"uv": [6, 0, 6.5, 4], "texture": "#1"},
				"west": {"uv": [7, 4, 7.5, 8], "texture": "#1"},
				"up": {"uv": [0.5, 8.5, 0, 8], "texture": "#1"},
				"down": {"uv": [1, 8, 0.5, 8.5], "texture": "#1"}
			}
		},
		{
			"from": [14, 0, 13],
			"to": [16, 16, 15],
			"rotation": {"angle": 22.5, "axis": "z", "origin": [16, 0, 12]},
			"faces": {
				"north": {"uv": [6.5, 0, 7, 4], "texture": "#1"},
				"east": {"uv": [2, 5, 2.5, 9], "texture": "#1"},
				"south": {"uv": [6, 0, 6.5, 4], "texture": "#1"},
				"west": {"uv": [7, 4, 7.5, 8], "texture": "#1"},
				"up": {"uv": [0.5, 8.5, 0, 8], "texture": "#1"},
				"down": {"uv": [1, 8, 0.5, 8.5], "texture": "#1"}
			}
		},
		{
			"from": [0, 0, 13],
			"to": [2, 16, 15],
			"rotation": {"angle": -22.5, "axis": "z", "origin": [0, 0, 12]},
			"faces": {
				"north": {"uv": [6.5, 0, 7, 4], "texture": "#1"},
				"east": {"uv": [2, 5, 2.5, 9], "texture": "#1"},
				"south": {"uv": [6, 0, 6.5, 4], "texture": "#1"},
				"west": {"uv": [7, 4, 7.5, 8], "texture": "#1"},
				"up": {"uv": [0.5, 8.5, 0, 8], "texture": "#1"},
				"down": {"uv": [1, 8, 0.5, 8.5], "texture": "#1"}
			}
		}
	],
	"display": {
		"thirdperson_righthand": {
			"rotation": [75, 45, 0],
			"translation": [0, 2.5, 0],
			"scale": [0.375, 0.375, 0.375]
		},
		"thirdperson_lefthand": {
			"rotation": [75, 45, 0],
			"translation": [0, 2.5, 0],
			"scale": [0.375, 0.375, 0.375]
		},
		"firstperson_righthand": {
			"rotation": [0, 45, 0],
			"scale": [0.4, 0.4, 0.4]
		},
		"firstperson_lefthand": {
			"rotation": [0, 225, 0],
			"scale": [0.4, 0.4, 0.4]
		},
		"ground": {
			"translation": [0, 3, 0],
			"scale": [0.25, 0.25, 0.25]
		},
		"gui": {
			"rotation": [30, 225, 0],
			"scale": [0.625, 0.625, 0.625]
		},
		"head": {
			"rotation": [-15, 45, 15],
			"translation": [-1.5, 11, -0.5],
			"scale": [0.7, 0.7, 0.7]
		},
		"fixed": {
			"rotation": [-90, 0, 0],
			"translation": [0, 0, -16],
			"scale": [2, 2, 2]
		}
	},
	"groups": [
		{
			"name": "group",
			"origin": [8, 8, 8],
			"color": 0,
			"children": [0, 1, 2, 3]
		},
		4,
		5,
		6
	]
}