{
	"credit": "Made with Blockbench",
	"texture_size": [64, 64],
	"textures": {
		"1": "custom:item/decoration/television/television_animation",
		"2": "custom:item/decoration/television/television"
	},
	"elements": [
		{
			"from": [3, 0, 3],
			"to": [13, 9, 12],
			"faces": {
				"north": {"uv": [0, 0, 2.5, 2.25], "texture": "#2"},
				"east": {"uv": [0, 4.5, 2.25, 6.75], "texture": "#2"},
				"south": {"uv": [0, 2.25, 2.5, 4.5], "texture": "#2"},
				"west": {"uv": [2.25, 4.5, 4.5, 6.75], "texture": "#2"},
				"up": {"uv": [5, 2.25, 2.5, 0], "texture": "#2"},
				"down": {"uv": [5, 2.25, 2.5, 4.5], "texture": "#2"}
			}
		},
		{
			"from": [3, 9, 8],
			"to": [13, 15, 8],
			"faces": {
				"north": {"uv": [4.5, 4.5, 7, 6], "texture": "#2"},
				"east": {"uv": [0, 0, 0, 1.5], "texture": "#2"},
				"south": {"uv": [5, 0, 7.5, 1.5], "texture": "#2"},
				"west": {"uv": [0, 0, 0, 1.5], "texture": "#2"},
				"up": {"uv": [2.5, 0, 0, 0], "texture": "#2"},
				"down": {"uv": [2.5, 0, 0, 0], "texture": "#2"}
			}
		},
		{
			"from": [4, 1, 11.001],
			"to": [12, 8, 13.001],
			"faces": {
				"north": {"uv": [5, 1.5, 7, 3.25], "texture": "#2"},
				"east": {"uv": [6.5, 6, 7, 7.75], "texture": "#2"},
				"south": {"uv": [4.5, 6, 6.5, 7.75], "texture": "#2"},
				"west": {"uv": [0, 6.75, 0.5, 8.5], "texture": "#2"},
				"up": {"uv": [7, 3.75, 5, 3.25], "texture": "#2"},
				"down": {"uv": [7, 3.75, 5, 4.25], "texture": "#2"}
			}
		},
		{
			"from": [5, 2, 3.001],
			"to": [11.01, 8.01, 5.011],
			"faces": {
				"north": {"uv": [0, 0, 16, 16], "texture": "#1"},
				"east": {"uv": [0, 0, 16, 16], "texture": "#1"},
				"south": {"uv": [0, 0, 1.5025, 1.5025], "texture": "#1"},
				"west": {"uv": [0, 0, 0.5025, 1.5025], "texture": "#1"},
				"up": {"uv": [0, 0, 1.5025, 0.5025], "texture": "#1"},
				"down": {"uv": [0, 0, 1.5025, 0.5025], "texture": "#1"}
			}
		}
	],
	"gui_light": "front",
	"display": {
		"thirdperson_righthand": {
			"rotation": [75, 45, 0],
			"translation": [0, 2.5, 0],
			"scale": [0.5, 0.5, 0.5]
		},
		"thirdperson_lefthand": {
			"rotation": [75, 45, 0],
			"translation": [0, 2.5, 0],
			"scale": [0.5, 0.5, 0.5]
		},
		"firstperson_righthand": {
			"rotation": [0, 109, 0],
			"translation": [1.25, 3.5, 2.75],
			"scale": [0.4, 0.4, 0.4]
		},
		"firstperson_lefthand": {
			"rotation": [0, 109, 0],
			"translation": [1.25, 3.5, 2.75],
			"scale": [0.4, 0.4, 0.4]
		},
		"ground": {
			"translation": [0, 3, 0],
			"scale": [0.5, 0.5, 0.5]
		},
		"gui": {
			"rotation": [30, 225, 0],
			"translation": [-0.25, 1.75, 0],
			"scale": [0.8, 0.8, 0.8]
		},
		"head": {
			"translation": [0, 5.75, 0],
			"scale": [1.53, 1.53, 1.53]
		},
		"fixed": {
			"rotation": [-88.75, 0, 0],
			"translation": [0, 0, -23.5],
			"scale": [2.91, 2.91, 2.91]
		}
	}
}