{
	"credit": "Made with Blockbench",
	"texture_size": [64, 64],
	"textures": {
		"0": "custom:item/decoration/trashcan",
		"particle": "custom:item/decoration/trashcan"
	},
	"elements": [
		{
			"from": [8, 18, 5],
			"to": [8, 20, 11],
			"faces": {
				"north": {"uv": [0, 0, 0, 0.5], "texture": "#0"},
				"east": {"uv": [8, 10.5, 9.5, 11], "texture": "#0"},
				"south": {"uv": [0, 0, 0, 0.5], "texture": "#0"},
				"west": {"uv": [9.5, 10.5, 11, 11], "texture": "#0"},
				"up": {"uv": [0, 1.5, 0, 0], "texture": "#0"},
				"down": {"uv": [0, 0, 0, 1.5], "texture": "#0"}
			}
		},
		{
			"from": [1, 0, 1],
			"to": [15, 14, 15],
			"faces": {
				"north": {"uv": [4, 0, 7.5, 3.5], "texture": "#0"},
				"east": {"uv": [4, 3.5, 7.5, 7], "texture": "#0"},
				"south": {"uv": [4, 7, 7.5, 10.5], "texture": "#0"},
				"west": {"uv": [7.5, 0, 11, 3.5], "texture": "#0"},
				"up": {"uv": [11, 7, 7.5, 3.5], "texture": "#0"},
				"down": {"uv": [11, 7, 7.5, 10.5], "texture": "#0"}
			}
		},
		{
			"from": [0, 14, 0],
			"to": [16, 18, 16],
			"faces": {
				"north": {"uv": [0, 8, 4, 9], "texture": "#0"},
				"east": {"uv": [0, 9, 4, 10], "texture": "#0"},
				"south": {"uv": [0, 10, 4, 11], "texture": "#0"},
				"west": {"uv": [4, 10.5, 8, 11.5], "texture": "#0"},
				"up": {"uv": [4, 4, 0, 0], "texture": "#0"},
				"down": {"uv": [4, 4, 0, 8], "texture": "#0"}
			}
		}
	],
	"display": {
		"thirdperson_righthand": {
			"rotation": [75, 45, 0],
			"translation": [0, 2.5, 0],
			"scale": [0.375, 0.375, 0.375]
		},
		"thirdperson_lefthand": {
			"rotation": [75, 45, 0],
			"translation": [0, 2.5, 0],
			"scale": [0.375, 0.375, 0.375]
		},
		"firstperson_righthand": {
			"rotation": [0, 45, 0],
			"scale": [0.4, 0.4, 0.4]
		},
		"firstperson_lefthand": {
			"rotation": [0, 225, 0],
			"scale": [0.4, 0.4, 0.4]
		},
		"ground": {
			"translation": [0, 3, 0],
			"scale": [0.25, 0.25, 0.25]
		},
		"gui": {
			"rotation": [30, 225, 0],
			"translation": [0, -0.7, 0],
			"scale": [0.6, 0.6, 0.6]
		},
		"head": {
			"translation": [0, -31.5, 0],
			"scale": [1.75, 1.75, 1.75]
		},
		"fixed": {
			"rotation": [-90, 0, 0],
			"translation": [0, 0, -16],
			"scale": [2, 2, 2]
		}
	},
	"groups": [
		{
			"name": "trashcan",
			"origin": [0, 0, 0],
			"color": 0,
			"children": [0, 1, 2]
		}
	]
}