{
	"credit": "Made with Blockbench",
	"texture_size": [64, 64],
	"textures": {
		"1": "custom:item/decoration/wood_boards_2",
		"particle": "custom:item/decoration/wood_boards_2"
	},
	"elements": [
		{
			"from": [0, -12, 8],
			"to": [4, 32, 10],
			"faces": {
				"north": {"uv": [0, 0, 1, 11], "texture": "#1"},
				"east": {"uv": [6, 0, 6.5, 11], "texture": "#1"},
				"south": {"uv": [1, 0, 2, 11], "texture": "#1"},
				"west": {"uv": [6.5, 0, 7, 11], "texture": "#1"},
				"up": {"uv": [10, 0.5, 9, 0], "texture": "#1"},
				"down": {"uv": [10, 0.5, 9, 1], "texture": "#1"}
			}
		},
		{
			"from": [6, -12, 8],
			"to": [10, 32, 10],
			"faces": {
				"north": {"uv": [0, 0, 1, 11], "texture": "#1"},
				"east": {"uv": [6, 0, 6.5, 11], "texture": "#1"},
				"south": {"uv": [1, 0, 2, 11], "texture": "#1"},
				"west": {"uv": [6.5, 0, 7, 11], "texture": "#1"},
				"up": {"uv": [10, 0, 9, 0.5], "texture": "#1"},
				"down": {"uv": [10, 0.5, 9, 1], "texture": "#1"}
			}
		},
		{
			"from": [3, -16, -1.025],
			"to": [7, 19, 0.975],
			"rotation": {"angle": 22.5, "axis": "x", "origin": [0, 0, 0]},
			"faces": {
				"north": {"uv": [0, 0, 1, 9.25], "texture": "#1"},
				"east": {"uv": [6, 0, 6.5, 9.25], "texture": "#1"},
				"south": {"uv": [1, 0, 2, 9.25], "texture": "#1"},
				"west": {"uv": [6.5, 0, 7, 9.25], "texture": "#1"},
				"up": {"uv": [10, 0.5, 9, 0], "texture": "#1"},
				"down": {"uv": [10, 0.5, 9, 1], "texture": "#1"}
			}
		}
	],
	"display": {
		"thirdperson_righthand": {
			"rotation": [75, 45, 0],
			"translation": [1, 1, 0],
			"scale": [0.375, 0.375, 0.375]
		},
		"thirdperson_lefthand": {
			"rotation": [75, 45, 0],
			"scale": [0.375, 0.375, 0.375]
		},
		"firstperson_righthand": {
			"rotation": [0, 45, 0],
			"scale": [0.4, 0.4, 0.4]
		},
		"firstperson_lefthand": {
			"rotation": [0, 45, 0],
			"scale": [0.4, 0.4, 0.4]
		},
		"ground": {
			"translation": [0, 3, 0],
			"scale": [0.25, 0.25, 0.25]
		},
		"gui": {
			"rotation": [30, -155, 0],
			"translation": [-1, 0, 0],
			"scale": [0.4, 0.3, 0.3]
		},
		"head": {
			"rotation": [12, 0, 0],
			"translation": [3, 23.5, 9.5]
		},
		"fixed": {
			"rotation": [-75, 0, 0],
			"translation": [0, 0, -39],
			"scale": [2, 2, 2]
		}
	},
	"groups": [
		{
			"name": "wood_boards",
			"origin": [8, 8, 8],
			"color": 0,
			"children": [0, 1, 2]
		}
	]
}