{
	"credit": "Made with Blockbench",
	"textures": {
		"0": "custom:item/cosmetic/hats/halloween/hw_bolt_hat",
		"particle": "custom:item/cosmetic/hats/halloween/hw_bolt_hat"
	},
	"elements": [
		{
			"from": [3.75, 1, 8],
			"to": [12.25, 2, 9],
			"faces": {
				"north": {"uv": [0, 7, 9, 8], "texture": "#0"},
				"south": {"uv": [0, 7, 9, 8], "texture": "#0"},
				"up": {"uv": [0, 6, 9, 7], "texture": "#0"},
				"down": {"uv": [0, 8, 9, 9], "texture": "#0"}
			}
		},
		{
			"from": [12.25, 0, 7],
			"to": [13.25, 3, 10],
			"faces": {
				"north": {"uv": [0, 2, 1, 5], "texture": "#0"},
				"east": {"uv": [4, 2, 7, 5], "texture": "#0"},
				"south": {"uv": [7, 2, 8, 5], "texture": "#0"},
				"west": {"uv": [1, 2, 4, 5], "texture": "#0"},
				"up": {"uv": [1, 2, 4, 0], "rotation": 90, "texture": "#0"},
				"down": {"uv": [4, 2, 7, 0], "rotation": 90, "texture": "#0"}
			}
		},
		{
			"from": [2.75, 0, 7],
			"to": [3.75, 3, 10],
			"rotation": {"angle": 0, "axis": "y", "origin": [16, 0, 0]},
			"faces": {
				"north": {"uv": [1, 2, 0, 5], "texture": "#0"},
				"east": {"uv": [4, 2, 1, 5], "texture": "#0"},
				"south": {"uv": [8, 2, 7, 5], "texture": "#0"},
				"west": {"uv": [7, 2, 4, 5], "texture": "#0"},
				"up": {"uv": [1, 0, 4, 2], "rotation": 90, "texture": "#0"},
				"down": {"uv": [4, 0, 7, 2], "rotation": 90, "texture": "#0"}
			}
		},
		{
			"from": [4, 1.5, 4],
			"to": [5, 3.5, 5],
			"faces": {
				"north": {"uv": [13, 11, 14, 13], "texture": "#0"},
				"east": {"uv": [12, 11, 13, 13], "texture": "#0"},
				"south": {"uv": [14, 11, 15, 13], "texture": "#0"},
				"west": {"uv": [15, 11, 16, 13], "texture": "#0"},
				"up": {"uv": [13, 10, 14, 11], "texture": "#0"},
				"down": {"uv": [14, 10, 15, 11], "texture": "#0"}
			}
		},
		{
			"from": [6, 1.5, 4],
			"to": [7, 3.5, 5],
			"faces": {
				"north": {"uv": [9, 11, 10, 13], "texture": "#0"},
				"east": {"uv": [11, 11, 12, 13], "texture": "#0"},
				"south": {"uv": [10, 11, 11, 13], "texture": "#0"},
				"west": {"uv": [8, 11, 9, 13], "texture": "#0"},
				"up": {"uv": [9, 10, 10, 11], "texture": "#0"},
				"down": {"uv": [10, 10, 11, 11], "texture": "#0"}
			}
		},
		{
			"from": [11, 1.5, 4],
			"to": [12, 3.5, 5],
			"faces": {
				"north": {"uv": [5, 11, 6, 13], "texture": "#0"},
				"east": {"uv": [4, 11, 5, 13], "texture": "#0"},
				"south": {"uv": [6, 11, 7, 13], "texture": "#0"},
				"west": {"uv": [7, 11, 8, 13], "texture": "#0"},
				"up": {"uv": [5, 10, 6, 11], "texture": "#0"},
				"down": {"uv": [6, 10, 7, 11], "texture": "#0"}
			}
		},
		{
			"from": [9, 1.5, 4],
			"to": [10, 3.5, 5],
			"faces": {
				"north": {"uv": [1, 11, 2, 13], "texture": "#0"},
				"east": {"uv": [0, 11, 1, 13], "texture": "#0"},
				"south": {"uv": [2, 11, 3, 13], "texture": "#0"},
				"west": {"uv": [3, 11, 4, 13], "texture": "#0"},
				"up": {"uv": [1, 10, 2, 11], "texture": "#0"},
				"down": {"uv": [2, 10, 3, 11], "texture": "#0"}
			}
		}
	],
	"display": {
		"thirdperson_righthand": {
			"rotation": [75, 45, 0],
			"translation": [0, 2.5, 0],
			"scale": [0.375, 0.375, 0.375]
		},
		"thirdperson_lefthand": {
			"rotation": [75, 45, 0],
			"translation": [0, 2.5, 0],
			"scale": [0.375, 0.375, 0.375]
		},
		"firstperson_righthand": {
			"rotation": [0, 45, 0],
			"scale": [0.4, 0.4, 0.4]
		},
		"firstperson_lefthand": {
			"rotation": [0, 225, 0],
			"scale": [0.4, 0.4, 0.4]
		},
		"ground": {
			"translation": [0, 3, 0],
			"scale": [0.5, 0.5, 0.5]
		},
		"gui": {
			"rotation": [30, 225, 0],
			"translation": [0, 5, 0]
		},
		"head": {
			"translation": [0, 13.5, 0],
			"scale": [1.85, 1.85, 1.85]
		}
	},
	"groups": [
		0,
		1,
		2,
		{
			"name": "group",
			"origin": [0, 0, 0],
			"color": 0,
			"children": [3, 4, 5, 6]
		}
	]
}