{
	"credit": "Made with Blockbench",
	"texture_size": [32, 32],
	"textures": {
		"0": "custom:item/cosmetic/hats/halloween/hw_candle_hat",
		"1": "custom:item/cosmetic/hats/halloween/flame",
		"particle": "custom:item/cosmetic/hats/halloween/hw_candle_hat"
	},
	"elements": [
		{
			"from": [4, 0, 4],
			"to": [12, 8, 12],
			"faces": {
				"north": {"uv": [0, 4, 4, 8], "texture": "#0"},
				"east": {"uv": [4, 4, 8, 8], "texture": "#0"},
				"south": {"uv": [8, 4, 12, 8], "texture": "#0"},
				"west": {"uv": [12, 4, 16, 8], "texture": "#0"},
				"up": {"uv": [0, 0, 4, 4], "texture": "#0"}
			}
		},
		{
			"from": [3.75, -0.25, 3.75],
			"to": [12.25, 8.25, 12.25],
			"faces": {
				"north": {"uv": [0, 12, 4, 16], "texture": "#0"},
				"east": {"uv": [4, 12, 8, 16], "texture": "#0"},
				"south": {"uv": [8, 12, 12, 16], "texture": "#0"},
				"west": {"uv": [12, 12, 16, 16], "texture": "#0"},
				"up": {"uv": [0, 8, 4, 12], "texture": "#0"}
			}
		},
		{
			"from": [7.5, 8, 7.5],
			"to": [8.5, 10, 8.5],
			"faces": {
				"north": {"uv": [15.5, 0.5, 16, 1.5], "texture": "#0"},
				"east": {"uv": [15.5, 0.5, 16, 1.5], "texture": "#0"},
				"south": {"uv": [15.5, 0.5, 16, 1.5], "texture": "#0"},
				"west": {"uv": [15.5, 0.5, 16, 1.5], "texture": "#0"},
				"up": {"uv": [15.5, 0, 16, 0.5], "texture": "#0"}
			}
		},
		{
			"from": [6.5, 10, 8],
			"to": [9.5, 14, 8],
			"rotation": {"angle": -45, "axis": "y", "origin": [8, 12, 8]},
			"faces": {
				"north": {"uv": [6, 9, 10, 16], "texture": "#1"},
				"south": {"uv": [6, 9, 10, 16], "texture": "#1"}
			}
		},
		{
			"from": [6.5, 10, 8],
			"to": [9.5, 14, 8],
			"rotation": {"angle": 45, "axis": "y", "origin": [8, 12, 8]},
			"faces": {
				"north": {"uv": [6, 9, 10, 16], "texture": "#1"},
				"south": {"uv": [6, 9, 10, 16], "texture": "#1"}
			}
		}
	],
	"display": {
		"thirdperson_righthand": {
			"rotation": [75, 45, 0],
			"translation": [0, 2.5, 0],
			"scale": [0.375, 0.375, 0.375]
		},
		"thirdperson_lefthand": {
			"rotation": [75, 45, 0],
			"translation": [0, 2.5, 0],
			"scale": [0.375, 0.375, 0.375]
		},
		"firstperson_righthand": {
			"rotation": [0, 45, 0],
			"scale": [0.4, 0.4, 0.4]
		},
		"firstperson_lefthand": {
			"rotation": [0, 225, 0],
			"scale": [0.4, 0.4, 0.4]
		},
		"ground": {
			"translation": [0, 3, 0],
			"scale": [0.25, 0.25, 0.25]
		},
		"gui": {
			"rotation": [30, 225, 0],
			"scale": [0.8, 0.8, 0.8]
		},
		"head": {
			"translation": [0, 7.25, 0],
			"scale": [1.81, 1.81, 1.81]
		}
	},
	"groups": [
		0,
		1,
		2,
		{
			"name": "flame",
			"origin": [8, 12, 8],
			"color": 0,
			"children": [3, 4]
		}
	]
}