{
	"credit": "Made with Blockbench",
	"texture_size": [32, 32],
	"textures": {
		"0": "custom:item/cosmetic/hats/halloween/hw_eye_hat",
		"particle": "custom:item/cosmetic/hats/halloween/hw_eye_hat"
	},
	"elements": [
		{
			"from": [3, 0, 3],
			"to": [13, 10, 13],
			"rotation": {"angle": 0, "axis": "y", "origin": [8, 6, 8]},
			"faces": {
				"north": {"uv": [5, 0, 10, 5], "texture": "#0"},
				"east": {"uv": [15, 0, 10, 5], "texture": "#0"},
				"south": {"uv": [0, 0, 5, 5], "texture": "#0"},
				"west": {"uv": [10, 0, 15, 5], "texture": "#0"},
				"up": {"uv": [10, 0, 15, 5], "rotation": 90, "texture": "#0"},
				"down": {"uv": [15, 0, 10, 5], "rotation": 90, "texture": "#0"}
			}
		},
		{
			"from": [3, 0, 13],
			"to": [13, 10, 19],
			"rotation": {"angle": 0, "axis": "y", "origin": [8, 6, 17]},
			"faces": {
				"east": {"uv": [3, 5, 0, 10], "texture": "#0"},
				"west": {"uv": [3, 5, 6, 10], "texture": "#0"},
				"up": {"uv": [0, 10, 3, 15], "rotation": 90, "texture": "#0"},
				"down": {"uv": [6, 10, 3, 15], "rotation": 90, "texture": "#0"}
			}
		},
		{
			"name": "cube inverted",
			"from": [13, 10, 19],
			"to": [3, 0, 13],
			"rotation": {"angle": 0, "axis": "y", "origin": [8, 6, 17]},
			"faces": {
				"east": {"uv": [3, 10, 6, 5], "texture": "#0"},
				"west": {"uv": [3, 10, 0, 5], "texture": "#0"},
				"up": {"uv": [6, 15, 3, 10], "rotation": 90, "texture": "#0"},
				"down": {"uv": [0, 15, 3, 10], "rotation": 90, "texture": "#0"}
			}
		}
	],
	"display": {
		"thirdperson_righthand": {
			"rotation": [75, 45, 0],
			"translation": [0, 2.5, 0],
			"scale": [0.375, 0.375, 0.375]
		},
		"thirdperson_lefthand": {
			"rotation": [75, 45, 0],
			"translation": [0, 2.5, 0],
			"scale": [0.375, 0.375, 0.375]
		},
		"firstperson_righthand": {
			"rotation": [0, 45, 0],
			"scale": [0.4, 0.4, 0.4]
		},
		"firstperson_lefthand": {
			"rotation": [0, 225, 0],
			"scale": [0.4, 0.4, 0.4]
		},
		"ground": {
			"translation": [0, 3, 0],
			"scale": [0.25, 0.25, 0.25]
		},
		"gui": {
			"rotation": [30, 225, 0],
			"translation": [1, 0.5, 0],
			"scale": [0.7, 0.7, 0.7]
		},
		"head": {
			"translation": [0, 4.75, 0],
			"scale": [1.5, 1.5, 1.5]
		},
		"fixed": {
			"translation": [0, 3.25, 0]
		}
	}
}