{
	"credit": "Made with Blockbench",
	"texture_size": [32, 32],
	"textures": {
		"0": "custom:item/cosmetic/hats/halloween/ghost_hat",
		"particle": "custom:item/cosmetic/hats/halloween/ghost_hat"
	},
	"elements": [
		{
			"from": [4, 0, 3],
			"to": [13, 11, 12],
			"faces": {
				"north": {"uv": [0, 0, 4.5, 5.5], "texture": "#0"},
				"east": {"uv": [4.5, 0, 9, 5.5], "texture": "#0"},
				"south": {"uv": [0, 5.5, 4.5, 11], "texture": "#0"},
				"west": {"uv": [4.5, 0, 9, 5.5], "texture": "#0"},
				"up": {"uv": [4.5, 5.5, 9, 10], "texture": "#0"}
			}
		},
		{
			"name": "cube inverted",
			"from": [13, 11, 12],
			"to": [4, 0, 3],
			"faces": {
				"north": {"uv": [0, 11, 4.5, 5.5], "texture": "#0"},
				"east": {"uv": [4.5, 5.5, 9, 0], "texture": "#0"},
				"south": {"uv": [0, 5.5, 4.5, 0], "texture": "#0"},
				"west": {"uv": [4.5, 5.5, 9, 0], "texture": "#0"},
				"down": {"uv": [9, 5.5, 4.5, 10], "texture": "#0"}
			}
		}
	],
	"display": {
		"thirdperson_righthand": {
			"rotation": [75, 45, 0],
			"translation": [0, 2.5, 0],
			"scale": [0.375, 0.375, 0.375]
		},
		"thirdperson_lefthand": {
			"rotation": [75, 45, 0],
			"translation": [0, 2.5, 0],
			"scale": [0.375, 0.375, 0.375]
		},
		"firstperson_righthand": {
			"rotation": [0, 45, 0],
			"scale": [0.4, 0.4, 0.4]
		},
		"firstperson_lefthand": {
			"rotation": [0, 225, 0],
			"scale": [0.4, 0.4, 0.4]
		},
		"ground": {
			"translation": [0, 3, 0],
			"scale": [0.25, 0.25, 0.25]
		},
		"gui": {
			"rotation": [30, 225, 0],
			"translation": [0, 1, 0],
			"scale": [0.8, 0.8, 0.8]
		},
		"head": {
			"translation": [-0.75, 2.5, 0.75],
			"scale": [1.65, 1.65, 1.65]
		}
	}
}