{
	"credit": "Made with Blockbench",
	"texture_size": [64, 32],
	"textures": {
		"0": "custom:item/cosmetic/hats/halloween/hw_mummy_hat",
		"particle": "custom:item/cosmetic/hats/halloween/hw_mummy_hat"
	},
	"elements": [
		{
			"from": [3, 0, 2],
			"to": [13, 10, 12],
			"faces": {
				"north": {"uv": [2.5, 5, 5, 10], "texture": "#0"},
				"east": {"uv": [0, 5, 2.5, 10], "texture": "#0"},
				"south": {"uv": [5, 5, 7.5, 10], "texture": "#0"},
				"west": {"uv": [7.5, 5, 10, 10], "texture": "#0"},
				"up": {"uv": [2.5, 0, 5, 5], "texture": "#0"}
			}
		},
		{
			"name": "cube inverted",
			"from": [13, 3, 12],
			"to": [3, 0, 2],
			"faces": {
				"north": {"uv": [5, 10, 7.5, 8.5], "texture": "#0"},
				"east": {"uv": [7.5, 10, 10, 8.5], "texture": "#0"},
				"south": {"uv": [2.5, 10, 5, 8.5], "texture": "#0"},
				"west": {"uv": [0, 10, 2.5, 8.5], "texture": "#0"},
				"down": {"uv": [7.5, 0, 5, 5], "texture": "#0"}
			}
		},
		{
			"from": [4, 10, 3],
			"to": [12, 12, 11],
			"faces": {
				"north": {"uv": [2, 15, 4, 16], "texture": "#0"},
				"east": {"uv": [0, 15, 2, 16], "texture": "#0"},
				"south": {"uv": [4, 15, 6, 16], "texture": "#0"},
				"west": {"uv": [6, 15, 8, 16], "texture": "#0"},
				"up": {"uv": [2, 11, 4, 15], "texture": "#0"}
			}
		},
		{
			"from": [2.5, 4, 1.5],
			"to": [14.25, 6, 12.5],
			"rotation": {"angle": -22.5, "axis": "z", "origin": [8, 6, 7]},
			"faces": {
				"north": {"uv": [8.25, 10, 11, 11], "texture": "#0"},
				"east": {"uv": [0, 10, 2.75, 11], "texture": "#0"},
				"south": {"uv": [5.5, 10, 8.25, 11], "texture": "#0"},
				"west": {"uv": [2.75, 10, 5.5, 11], "texture": "#0"}
			}
		},
		{
			"name": "cube inverted",
			"from": [14.25, 6, 12.5],
			"to": [2.5, 4, 1.5],
			"rotation": {"angle": -22.5, "axis": "z", "origin": [8, 6, 7]},
			"faces": {
				"north": {"uv": [5.5, 11, 8.25, 10], "texture": "#0"},
				"east": {"uv": [2.75, 11, 5.5, 10], "texture": "#0"},
				"south": {"uv": [8.25, 11, 11, 10], "texture": "#0"},
				"west": {"uv": [0, 11, 2.75, 10], "texture": "#0"}
			}
		},
		{
			"from": [2.5, 5.9, 1.75],
			"to": [14.25, 7.9, 12.25],
			"rotation": {"angle": 22.5, "axis": "z", "origin": [8, 6, 7]},
			"faces": {
				"north": {"uv": [11, 10, 8.25, 11], "texture": "#0"},
				"east": {"uv": [5.5, 10, 2.75, 11], "texture": "#0"},
				"south": {"uv": [8.25, 10, 5.5, 11], "texture": "#0"},
				"west": {"uv": [2.75, 10, 0, 11], "texture": "#0"}
			}
		},
		{
			"name": "cube inverted",
			"from": [14.25, 7.9, 12.25],
			"to": [2.5, 5.9, 1.75],
			"rotation": {"angle": 22.5, "axis": "z", "origin": [8, 6, 7]},
			"faces": {
				"north": {"uv": [8.25, 11, 5.5, 10], "texture": "#0"},
				"east": {"uv": [2.75, 11, 0, 10], "texture": "#0"},
				"south": {"uv": [11, 11, 8.25, 10], "texture": "#0"},
				"west": {"uv": [5.5, 11, 2.75, 10], "texture": "#0"}
			}
		}
	],
	"display": {
		"thirdperson_righthand": {
			"rotation": [75, 45, 0],
			"translation": [0, 2.5, 0],
			"scale": [0.375, 0.375, 0.375]
		},
		"thirdperson_lefthand": {
			"rotation": [75, 45, 0],
			"translation": [0, 2.5, 0],
			"scale": [0.375, 0.375, 0.375]
		},
		"firstperson_righthand": {
			"rotation": [0, 45, 0],
			"scale": [0.4, 0.4, 0.4]
		},
		"firstperson_lefthand": {
			"rotation": [0, 225, 0],
			"scale": [0.4, 0.4, 0.4]
		},
		"ground": {
			"translation": [0, 3, 0],
			"scale": [0.25, 0.25, 0.25]
		},
		"gui": {
			"rotation": [30, 225, 0],
			"translation": [-0.5, 2, 0],
			"scale": [0.8, 0.8, 0.8]
		},
		"head": {
			"translation": [0, 4.25, 1.75],
			"scale": [1.55, 1.55, 1.55]
		}
	},
	"groups": [
		{
			"name": "group",
			"origin": [0, 0, 0],
			"color": 0,
			"children": [0, 1]
		},
		2,
		{
			"name": "group",
			"origin": [8, 6, 7],
			"color": 0,
			"children": [3, 4]
		},
		{
			"name": "group",
			"origin": [8, 6, 7],
			"color": 0,
			"children": [5, 6]
		}
	]
}