{
	"credit": "Made with Blockbench",
	"texture_size": [32, 32],
	"textures": {
		"0": "custom:item/decoration/halloween/cup_build_hw",
		"particle": "custom:item/decoration/halloween/cup_build_hw"
	},
	"elements": [
		{
			"from": [8.25, 16, 8],
			"to": [9.25, 17, 8],
			"rotation": {"angle": -22.5, "axis": "z", "origin": [7.5, 17.25, 8]},
			"faces": {
				"north": {"uv": [2.5, 10.5, 3, 11], "texture": "#0"},
				"south": {"uv": [2.5, 10.5, 3, 11], "texture": "#0"}
			}
		},
		{
			"from": [9.25, 16, 7.5],
			"to": [10.25, 17, 8.5],
			"rotation": {"angle": -22.5, "axis": "z", "origin": [7.5, 17.25, 8]},
			"faces": {
				"north": {"uv": [2, 10.5, 2.5, 11], "texture": "#0"},
				"east": {"uv": [2, 10.5, 2.5, 11], "texture": "#0"},
				"south": {"uv": [2, 10.5, 2.5, 11], "texture": "#0"},
				"west": {"uv": [2, 10.5, 2.5, 11], "texture": "#0"},
				"up": {"uv": [2, 10, 2.5, 10.5], "texture": "#0"}
			}
		},
		{
			"from": [7.75, 12, 6],
			"to": [11.75, 16, 10],
			"rotation": {"angle": -22.5, "axis": "z", "origin": [7.5, 17.25, 8]},
			"faces": {
				"north": {"uv": [0, 12, 2, 14], "texture": "#0"},
				"east": {"uv": [4, 12, 2, 14], "texture": "#0"},
				"south": {"uv": [0, 12, 2, 14], "texture": "#0"},
				"west": {"uv": [4, 12, 2, 14], "texture": "#0"},
				"up": {"uv": [2, 12, 0, 10], "texture": "#0"}
			}
		},
		{
			"from": [5.25, 1, 5.25],
			"to": [10.75, 6, 10.75],
			"faces": {
				"north": {"uv": [4, 10, 7, 12.5], "texture": "#0"},
				"east": {"uv": [13, 10, 16, 12.5], "texture": "#0"},
				"south": {"uv": [10, 10, 13, 12.5], "texture": "#0"},
				"west": {"uv": [7, 10, 10, 12.5], "texture": "#0"}
			}
		},
		{
			"from": [1, 7, 8],
			"to": [15, 13, 8],
			"faces": {
				"north": {"uv": [7, 3, 14, 6], "texture": "#0", "tintindex": 1},
				"south": {"uv": [14, 3, 7, 6], "texture": "#0", "tintindex": 1}
			}
		},
		{
			"from": [5, 6, 5],
			"to": [11, 13, 11],
			"faces": {
				"north": {"uv": [0, 0, 3, 3.5], "texture": "#0", "tintindex": 1},
				"east": {"uv": [3, 0, 6, 3.5], "texture": "#0", "tintindex": 1},
				"south": {"uv": [3, 0, 0, 3.5], "texture": "#0", "tintindex": 1},
				"west": {"uv": [3, 0, 6, 3.5], "texture": "#0", "tintindex": 1},
				"up": {"uv": [6, 0, 9, 3], "texture": "#0", "tintindex": 1},
				"down": {"uv": [9, 0, 12, 3], "texture": "#0", "tintindex": 1}
			}
		},
		{
			"from": [6.25, 5, 6.25],
			"to": [9.75, 6, 9.75],
			"faces": {
				"north": {"uv": [0, 3.5, 2, 4], "texture": "#0", "tintindex": 1},
				"east": {"uv": [0, 3.5, 2, 4], "texture": "#0", "tintindex": 1},
				"south": {"uv": [0, 3.5, 2, 4], "texture": "#0", "tintindex": 1},
				"west": {"uv": [0, 3.5, 2, 4], "texture": "#0", "tintindex": 1},
				"down": {"uv": [0, 4, 2, 6], "texture": "#0", "tintindex": 1}
			}
		},
		{
			"from": [7, 3, 7],
			"to": [9, 5, 9],
			"faces": {
				"north": {"uv": [0, 6, 1, 7], "texture": "#0", "tintindex": 1},
				"east": {"uv": [1, 6, 0, 7], "texture": "#0", "tintindex": 1},
				"south": {"uv": [0, 6, 1, 7], "texture": "#0", "tintindex": 1},
				"west": {"uv": [1, 6, 0, 7], "texture": "#0", "tintindex": 1}
			}
		},
		{
			"from": [6.25, 2, 6.25],
			"to": [9.75, 3, 9.75],
			"faces": {
				"north": {"uv": [2, 5.5, 4, 6], "texture": "#0", "tintindex": 1},
				"east": {"uv": [4, 5.5, 2, 6], "texture": "#0", "tintindex": 1},
				"south": {"uv": [2, 5.5, 4, 6], "texture": "#0", "tintindex": 1},
				"west": {"uv": [4, 5.5, 2, 6], "texture": "#0", "tintindex": 1},
				"up": {"uv": [2, 3.5, 4, 5.5], "texture": "#0", "tintindex": 1},
				"down": {"uv": [2, 6, 4, 8], "texture": "#0", "tintindex": 1}
			}
		},
		{
			"from": [6.5, 1, 6.5],
			"to": [9.5, 2, 9.5],
			"faces": {
				"north": {"uv": [2, 8, 3.5, 8.5], "texture": "#0", "tintindex": 1},
				"east": {"uv": [2, 8, 3.5, 8.5], "texture": "#0", "tintindex": 1},
				"south": {"uv": [2, 8, 3.5, 8.5], "texture": "#0", "tintindex": 1},
				"west": {"uv": [2, 8, 3.5, 8.5], "texture": "#0", "tintindex": 1}
			}
		},
		{
			"from": [5, 0, 5],
			"to": [11, 1, 11],
			"faces": {
				"north": {"uv": [4, 6.5, 7, 7], "texture": "#0", "tintindex": 1},
				"east": {"uv": [4, 6.5, 7, 7], "texture": "#0", "tintindex": 1},
				"south": {"uv": [4, 6.5, 7, 7], "texture": "#0", "tintindex": 1},
				"west": {"uv": [4, 6.5, 7, 7], "texture": "#0", "tintindex": 1},
				"up": {"uv": [4, 3.5, 7, 6.5], "texture": "#0", "tintindex": 1},
				"down": {"uv": [4, 7, 7, 10], "texture": "#0", "tintindex": 1}
			}
		},
		{
			"name": "cube inverted",
			"from": [10.75, 6, 10.75],
			"to": [5.25, 1, 5.25],
			"faces": {
				"north": {"uv": [10, 12.5, 13, 10], "texture": "#0"},
				"east": {"uv": [7, 12.5, 10, 10], "texture": "#0"},
				"south": {"uv": [4, 12.5, 7, 10], "texture": "#0"},
				"west": {"uv": [13, 12.5, 16, 10], "texture": "#0"}
			}
		}
	],
	"display": {
		"thirdperson_righthand": {
			"translation": [0, 1.75, -0.5],
			"scale": [0.8, 0.8, 0.8]
		},
		"thirdperson_lefthand": {
			"translation": [0, 1.75, -0.5],
			"scale": [0.8, 0.8, 0.8]
		},
		"firstperson_righthand": {
			"rotation": [1, -39, 13],
			"translation": [1.13, 3.2, 0.63],
			"scale": [0.68, 0.68, 0.68]
		},
		"firstperson_lefthand": {
			"rotation": [1, -39, 13],
			"translation": [1.13, 3.2, 0.63],
			"scale": [0.68, 0.68, 0.68]
		},
		"ground": {
			"translation": [0, 1, 0],
			"scale": [0.5, 0.5, 0.5]
		},
		"gui": {
			"rotation": [30, 225, 0],
			"translation": [0, 0.5, 0],
			"scale": [0.8, 0.8, 0.8]
		},
		"head": {
			"translation": [0, 9.25, 0],
			"scale": [1.6, 1.6, 1.6]
		}
	},
	"groups": [
		{
			"name": "group",
			"origin": [0, 0, 0],
			"color": 0,
			"children": [0, 1, 2]
		},
		{
			"name": "group",
			"origin": [0, 0, 0],
			"color": 0,
			"children": [3, 4, 5, 6, 7, 8, 9, 10, 11]
		}
	]
}