{
	"credit": "Made with Blockbench",
	"texture_size": [32, 32],
	"textures": {
		"0": "custom:item/decoration/halloween/hw_bone_pile",
		"particle": "custom:item/decoration/halloween/hw_bone_pile"
	},
	"elements": [
		{
			"from": [-1, 0, 5],
			"to": [1, 2, 17],
			"rotation": {"angle": 45, "axis": "y", "origin": [2, 1, 6]},
			"faces": {
				"north": {"uv": [0, 6, 1, 7], "texture": "#0"},
				"east": {"uv": [0, 0, 1, 6], "rotation": 270, "texture": "#0"},
				"south": {"uv": [0, 6, 1, 7], "texture": "#0"},
				"west": {"uv": [0, 0, 1, 6], "rotation": 90, "texture": "#0"},
				"up": {"uv": [0, 6, 1, 0], "texture": "#0"},
				"down": {"uv": [0, 6, 1, 0], "rotation": 180, "texture": "#0"}
			}
		},
		{
			"from": [13, 0, 0],
			"to": [15, 2, 12],
			"rotation": {"angle": 22.5, "axis": "y", "origin": [13, 1, 6]},
			"faces": {
				"north": {"uv": [0, 6, 1, 7], "texture": "#0"},
				"east": {"uv": [0, 0, 1, 6], "rotation": 90, "texture": "#0"},
				"south": {"uv": [0, 6, 1, 7], "texture": "#0"},
				"west": {"uv": [0, 0, 1, 6], "rotation": 270, "texture": "#0"},
				"up": {"uv": [0, 6, 1, 0], "rotation": 180, "texture": "#0"},
				"down": {"uv": [0, 6, 1, 0], "texture": "#0"}
			}
		},
		{
			"from": [1, 2, 11],
			"to": [13, 4, 13],
			"rotation": {"angle": -22.5, "axis": "z", "origin": [7, 1, 8]},
			"faces": {
				"north": {"uv": [0, 0, 1, 6], "rotation": 270, "texture": "#0"},
				"east": {"uv": [0, 6, 1, 7], "texture": "#0"},
				"south": {"uv": [0, 0, 1, 6], "rotation": 90, "texture": "#0"},
				"west": {"uv": [0, 6, 1, 7], "texture": "#0"},
				"up": {"uv": [0, 6, 1, 0], "rotation": 270, "texture": "#0"},
				"down": {"uv": [0, 6, 1, 0], "rotation": 270, "texture": "#0"}
			}
		},
		{
			"from": [3, 0, 2],
			"to": [12, 5, 9],
			"rotation": {"angle": -22.5, "axis": "x", "origin": [7.5, 2.5, 5.5]},
			"faces": {
				"north": {"uv": [1, 3.5, 5.5, 6], "rotation": 180, "texture": "#0"},
				"east": {"uv": [6, 0, 8.5, 3.5], "rotation": 270, "texture": "#0"},
				"south": {"uv": [1, 3.5, 5.5, 6], "rotation": 180, "texture": "#0"},
				"west": {"uv": [6, 0, 8.5, 3.5], "rotation": 270, "texture": "#0"},
				"up": {"uv": [9, 0, 13.5, 3.5], "texture": "#0"},
				"down": {"uv": [1, 0, 5.5, 3.5], "texture": "#0"}
			}
		},
		{
			"name": "cube inverted",
			"from": [12, 5, 9],
			"to": [3, 0, 2],
			"rotation": {"angle": -22.5, "axis": "x", "origin": [7.5, 2.5, 5.5]},
			"faces": {
				"north": {"uv": [1, 6, 5.5, 3.5], "rotation": 180, "texture": "#0"},
				"east": {"uv": [8.5, 0, 6, 3.5], "rotation": 270, "texture": "#0"},
				"south": {"uv": [1, 6, 5.5, 3.5], "rotation": 180, "texture": "#0"},
				"west": {"uv": [8.5, 0, 6, 3.5], "rotation": 270, "texture": "#0"},
				"up": {"uv": [5.5, 0, 1, 3.5], "texture": "#0"},
				"down": {"uv": [13.5, 0, 9, 3.5], "texture": "#0"}
			}
		}
	],
	"display": {
		"thirdperson_righthand": {
			"rotation": [75, 45, 0],
			"translation": [0, 2.5, 0],
			"scale": [0.375, 0.375, 0.375]
		},
		"thirdperson_lefthand": {
			"rotation": [75, 45, 0],
			"translation": [0, 2.5, 0],
			"scale": [0.375, 0.375, 0.375]
		},
		"firstperson_righthand": {
			"rotation": [0, 45, 0],
			"scale": [0.4, 0.4, 0.4]
		},
		"firstperson_lefthand": {
			"rotation": [0, 225, 0],
			"scale": [0.4, 0.4, 0.4]
		},
		"ground": {
			"translation": [0, 3, 0],
			"scale": [0.3, 0.3, 0.3]
		},
		"gui": {
			"rotation": [30, 225, 0],
			"translation": [0, 3.5, 0],
			"scale": [0.8, 0.8, 0.8]
		},
		"head": {
			"rotation": [0, 180, 0],
			"translation": [0, 14.5, -0.75]
		},
		"fixed": {
			"rotation": [-90, 180, 0],
			"translation": [0, 0, -8]
		}
	},
	"groups": [
		0,
		1,
		2,
		{
			"name": "group",
			"origin": [0, 0, 0],
			"color": 0,
			"children": [3, 4]
		}
	]
}