{
	"credit": "Made with Blockbench",
	"textures": {
		"0": "custom:item/decoration/halloween/hw_candlestick",
		"1": "custom:item/decoration/halloween/flame",
		"2": "custom:item/decoration/halloween/hw_candlestick_overlay",
		"particle": "custom:item/decoration/halloween/hw_candlestick"
	},
	"elements": [
		{
			"from": [6, 0, 6],
			"to": [10, 1, 10],
			"faces": {
				"north": {"uv": [0, 14, 4, 15], "texture": "#0"},
				"east": {"uv": [0, 14, 4, 15], "texture": "#0"},
				"south": {"uv": [0, 14, 4, 15], "texture": "#0"},
				"west": {"uv": [0, 14, 4, 15], "texture": "#0"},
				"up": {"uv": [4, 14, 0, 10], "texture": "#0"},
				"down": {"uv": [8, 10, 4, 14], "texture": "#0"}
			}
		},
		{
			"from": [7, 1, 7],
			"to": [9, 11, 9],
			"faces": {
				"north": {"uv": [0, 0, 2, 10], "texture": "#0"},
				"east": {"uv": [2, 0, 0, 10], "texture": "#0"},
				"south": {"uv": [0, 0, 2, 10], "texture": "#0"},
				"west": {"uv": [2, 0, 0, 10], "texture": "#0"},
				"up": {"uv": [4, 2, 2, 0], "texture": "#0"}
			}
		},
		{
			"from": [7, 1, 7],
			"to": [9, 11, 9],
			"faces": {
				"north": {"uv": [0, 0, 2, 10], "texture": "#2", "tintindex": 1},
				"east": {"uv": [2, 0, 0, 10], "texture": "#2", "tintindex": 1},
				"south": {"uv": [0, 0, 2, 10], "texture": "#2", "tintindex": 1},
				"west": {"uv": [2, 0, 0, 10], "texture": "#2", "tintindex": 1},
				"up": {"uv": [4, 2, 2, 0], "texture": "#2", "tintindex": 1}
			}
		},
		{
			"from": [6.5, 4, 6.5],
			"to": [9.5, 5, 9.5],
			"faces": {
				"north": {"uv": [4, 3, 7, 4], "texture": "#0"},
				"east": {"uv": [4, 3, 7, 4], "texture": "#0"},
				"south": {"uv": [4, 3, 7, 4], "texture": "#0"},
				"west": {"uv": [4, 3, 7, 4], "texture": "#0"},
				"up": {"uv": [7, 3, 4, 0], "texture": "#0"},
				"down": {"uv": [10, 0, 7, 3], "texture": "#0"}
			}
		},
		{
			"from": [8, 11, 7.5],
			"to": [8, 12, 8.5],
			"rotation": {"angle": -45, "axis": "y", "origin": [8, 12.5, 8]},
			"faces": {
				"east": {"uv": [15, 15, 16, 16], "texture": "#0"},
				"west": {"uv": [15, 15, 16, 16], "texture": "#0"}
			}
		},
		{
			"from": [7.5, 11, 8],
			"to": [8.5, 12, 8],
			"rotation": {"angle": -45, "axis": "y", "origin": [8, 12.5, 8]},
			"faces": {
				"north": {"uv": [15, 15, 16, 16], "texture": "#0"},
				"south": {"uv": [15, 15, 16, 16], "texture": "#0"}
			}
		},
		{
			"from": [4, 12, 8],
			"to": [12, 20, 8],
			"rotation": {"angle": -45, "axis": "y", "origin": [8, 14, 8]},
			"faces": {
				"north": {"uv": [0, 0, 16, 16], "texture": "#1"},
				"south": {"uv": [0, 0, 16, 16], "texture": "#1"}
			}
		},
		{
			"from": [8, 12, 4],
			"to": [8, 20, 12],
			"rotation": {"angle": -45, "axis": "y", "origin": [8, 14, 8]},
			"faces": {
				"east": {"uv": [0, 0, 16, 16], "texture": "#1"},
				"west": {"uv": [0, 0, 16, 16], "texture": "#1"}
			}
		}
	],
	"display": {
		"thirdperson_righthand": {
			"rotation": [75, 45, 0],
			"translation": [0, 2.5, 0],
			"scale": [0.375, 0.375, 0.375]
		},
		"thirdperson_lefthand": {
			"rotation": [75, 45, 0],
			"translation": [0, 2.5, 0],
			"scale": [0.375, 0.375, 0.375]
		},
		"firstperson_righthand": {
			"rotation": [0, 45, 0],
			"translation": [4.5, 0, 0],
			"scale": [0.4, 0.4, 0.4]
		},
		"firstperson_lefthand": {
			"rotation": [0, 45, 0],
			"translation": [4.5, 0, 0],
			"scale": [0.4, 0.4, 0.4]
		},
		"ground": {
			"translation": [0, 3, 0],
			"scale": [0.25, 0.25, 0.25]
		},
		"gui": {
			"rotation": [30, 225, 0],
			"translation": [0, -1, 0],
			"scale": [0.8, 0.8, 0.8]
		},
		"head": {
			"translation": [0, 14.5, 0]
		}
	},
	"groups": [
		0,
		1,
		2,
		3,
		{
			"name": "group",
			"origin": [8, 12.5, 8],
			"color": 0,
			"children": [4, 5]
		},
		{
			"name": "group",
			"origin": [8, 14, 8],
			"color": 0,
			"children": [6, 7]
		}
	]
}