{
	"credit": "Made with Blockbench",
	"texture_size": [32, 16],
	"textures": {
		"0": "custom:item/decoration/halloween/hw_cobweb_2",
		"particle": "custom:item/decoration/halloween/hw_cobweb_2"
	},
	"elements": [
		{
			"from": [-2, 0, 13],
			"to": [18, 16, 13],
			"rotation": {"angle": 0, "axis": "z", "origin": [8, 8, 13]},
			"faces": {
				"north": {"uv": [0, 0, 10, 16], "rotation": 180, "texture": "#0"},
				"south": {"uv": [10, 0, 0, 16], "rotation": 180, "texture": "#0"}
			}
		}
	],
	"gui_light": "front",
	"display": {
		"thirdperson_righthand": {
			"translation": [0, 2.5, -1],
			"scale": [0.3, 0.3, 0.3]
		},
		"thirdperson_lefthand": {
			"translation": [0, 2.5, -1],
			"scale": [0.3, 0.3, 0.3]
		},
		"firstperson_righthand": {
			"rotation": [0, -59.25, 180],
			"translation": [2, 1.25, 0],
			"scale": [0.3, 0.3, 0.3]
		},
		"firstperson_lefthand": {
			"rotation": [0, -59.25, 180],
			"translation": [2, 1.25, 0],
			"scale": [0.3, 0.3, 0.3]
		},
		"ground": {
			"rotation": [180, 0, 0],
			"translation": [0, 2, 0],
			"scale": [0.5, 0.5, 0.5]
		},
		"gui": {
			"rotation": [0, 0, 180],
			"translation": [0, 0.25, 0],
			"scale": [0.7, 0.7, 0.7]
		},
		"head": {
			"rotation": [0, 180, 180],
			"translation": [0, -12, -1.5],
			"scale": [0.7, 0.7, 0.7]
		},
		"fixed": {
			"rotation": [0, 0, 180],
			"translation": [0, 0, -5.25]
		}
	}
}