{
	"credit": "Made with Blockbench",
	"texture_size": [32, 16],
	"textures": {
		"0": "custom:item/decoration/halloween/hw_grave_wood_cross",
		"particle": "custom:item/decoration/halloween/hw_grave_wood_cross"
	},
	"elements": [
		{
			"from": [6.5, 0, 7],
			"to": [9.5, 16, 9],
			"rotation": {"angle": 0, "axis": "y", "origin": [0, 1, 0]},
			"faces": {
				"north": {"uv": [1, 0, 2.5, 16], "texture": "#0"},
				"east": {"uv": [0, 0, 1, 16], "texture": "#0"},
				"south": {"uv": [3.5, 0, 5, 16], "texture": "#0"},
				"west": {"uv": [2.5, 0, 3.5, 16], "texture": "#0"},
				"up": {"uv": [5, 12, 6.5, 14], "texture": "#0"},
				"down": {"uv": [5, 14, 6.5, 16], "texture": "#0"}
			}
		},
		{
			"from": [2.5, 9, 7],
			"to": [13.5, 12, 9],
			"rotation": {"angle": 0, "axis": "y", "origin": [0, 1, 0]},
			"faces": {
				"north": {"uv": [5, 2, 10.5, 5], "texture": "#0"},
				"east": {"uv": [10.5, 2, 11.5, 5], "texture": "#0"},
				"south": {"uv": [5, 7, 10.5, 10], "texture": "#0"},
				"west": {"uv": [10.5, 7, 11.5, 10], "texture": "#0"},
				"up": {"uv": [5, 0, 10.5, 2], "texture": "#0"},
				"down": {"uv": [5, 5, 10.5, 7], "texture": "#0"}
			}
		},
		{
			"from": [5.75, 7.25, 6.75],
			"to": [12.75, 9.25, 9.25],
			"rotation": {"angle": 45, "axis": "z", "origin": [6, 8, 8]},
			"faces": {
				"north": {"uv": [12.5, 2, 16, 4], "texture": "#0"},
				"east": {"uv": [11.5, 4, 12.5, 6], "texture": "#0"},
				"south": {"uv": [12.5, 6, 16, 8], "texture": "#0"},
				"west": {"uv": [11.5, 0, 12.5, 2], "texture": "#0"},
				"up": {"uv": [12.5, 0, 16, 2], "texture": "#0"},
				"down": {"uv": [12.5, 4, 16, 6], "texture": "#0"}
			}
		},
		{
			"from": [3.25, 7.25, 6.85],
			"to": [10.25, 9.25, 9.15],
			"rotation": {"angle": -45, "axis": "z", "origin": [10, 8, 8]},
			"faces": {
				"north": {"uv": [16, 2, 12.5, 4], "texture": "#0"},
				"east": {"uv": [12.5, 0, 11.5, 2], "texture": "#0"},
				"south": {"uv": [16, 6, 12.5, 8], "texture": "#0"},
				"west": {"uv": [12.5, 4, 11.5, 6], "texture": "#0"},
				"up": {"uv": [16, 0, 12.5, 2], "texture": "#0"},
				"down": {"uv": [16, 4, 12.5, 6], "texture": "#0"}
			}
		}
	],
	"display": {
		"thirdperson_righthand": {
			"rotation": [75, 45, 0],
			"translation": [0, 2.5, 0],
			"scale": [0.375, 0.375, 0.375]
		},
		"thirdperson_lefthand": {
			"rotation": [75, 45, 0],
			"translation": [0, 2.5, 0],
			"scale": [0.375, 0.375, 0.375]
		},
		"firstperson_righthand": {
			"rotation": [0, 45, 0],
			"scale": [0.4, 0.4, 0.4]
		},
		"firstperson_lefthand": {
			"rotation": [0, 225, 0],
			"scale": [0.4, 0.4, 0.4]
		},
		"ground": {
			"translation": [0, 3, 0],
			"scale": [0.3, 0.3, 0.3]
		},
		"gui": {
			"rotation": [30, 225, 0],
			"scale": [0.8, 0.8, 0.8]
		},
		"head": {
			"translation": [0, 12, 0]
		}
	}
}