{
	"credit": "Made with Blockbench",
	"texture_size": [32, 32],
	"textures": {
		"0": "custom:item/decoration/halloween/hw_pumpkin_base",
		"1": "#face",
		"particle": "custom:item/decoration/halloween/hw_pumpkin_base"
	},
	"elements": [
		{
			"from": [5, 16, 8],
			"to": [7, 18, 8],
			"faces": {
				"north": {"uv": [12, 2, 13, 3], "texture": "#0"},
				"south": {"uv": [13, 2, 12, 3], "texture": "#0"}
			}
		},
		{
			"from": [7, 16, 7],
			"to": [9, 20, 9],
			"faces": {
				"north": {"uv": [8, 1, 9, 3], "texture": "#0"},
				"east": {"uv": [9, 1, 10, 3], "texture": "#0"},
				"south": {"uv": [10, 1, 11, 3], "texture": "#0"},
				"west": {"uv": [11, 1, 12, 3], "texture": "#0"},
				"up": {"uv": [8, 0, 9, 1], "texture": "#0"}
			}
		},
		{
			"from": [0, 0, 0],
			"to": [16, 16, 16],
			"faces": {
				"north": {"uv": [0, 0, 16, 16], "texture": "#1"},
				"east": {"uv": [0, 8, 8, 16], "texture": "#0"},
				"south": {"uv": [8, 8, 16, 16], "texture": "#0"},
				"west": {"uv": [0, 8, 8, 16], "texture": "#0"},
				"up": {"uv": [8, 8, 0, 0], "texture": "#0"},
				"down": {"uv": [8, 0, 0, 8], "texture": "#0"}
			}
		}
	],
	"display": {
		"thirdperson_righthand": {
			"rotation": [75, 45, 0],
			"translation": [0, 2.5, 0],
			"scale": [0.375, 0.375, 0.375]
		},
		"thirdperson_lefthand": {
			"rotation": [75, 45, 0],
			"translation": [0, 2.5, 0],
			"scale": [0.375, 0.375, 0.375]
		},
		"firstperson_righthand": {
			"rotation": [0, 45, 0],
			"scale": [0.4, 0.4, 0.4]
		},
		"firstperson_lefthand": {
			"rotation": [0, 225, 0],
			"scale": [0.4, 0.4, 0.4]
		},
		"ground": {
			"translation": [0, -0.75, 0],
			"scale": [0.25, 0.25, 0.25]
		},
		"gui": {
			"rotation": [30, 225, 0],
			"scale": [0.625, 0.625, 0.625]
		},
		"fixed": {
			"scale": [0.5, 0.5, 0.5]
		}
	}
}