{
	"credit": "Made with Blockbench",
	"textures": {
		"0": "custom:item/decoration/halloween/hw_pumpkin_small",
		"particle": "custom:item/decoration/halloween/hw_pumpkin_small"
	},
	"elements": [
		{
			"from": [4, 0, 4],
			"to": [12, 8, 12],
			"faces": {
				"north": {"uv": [0, 8, 8, 16], "texture": "#0"},
				"east": {"uv": [8, 8, 16, 16], "texture": "#0"},
				"south": {"uv": [0, 8, 8, 16], "texture": "#0"},
				"west": {"uv": [8, 8, 16, 16], "texture": "#0"},
				"up": {"uv": [8, 8, 0, 0], "texture": "#0"},
				"down": {"uv": [8, 0, 0, 8], "texture": "#0"}
			}
		},
		{
			"from": [7.5, 8, 7.5],
			"to": [8.5, 10, 8.5],
			"faces": {
				"north": {"uv": [8, 1, 9, 3], "texture": "#0"},
				"east": {"uv": [8, 1, 9, 3], "texture": "#0"},
				"south": {"uv": [8, 1, 9, 3], "texture": "#0"},
				"west": {"uv": [8, 1, 9, 3], "texture": "#0"},
				"up": {"uv": [8, 0, 9, 1], "texture": "#0"}
			}
		},
		{
			"from": [6.5, 8, 8],
			"to": [7.5, 9, 8],
			"faces": {
				"north": {"uv": [9, 1, 10, 2], "texture": "#0"},
				"south": {"uv": [9, 1, 10, 2], "texture": "#0"}
			}
		}
	],
	"display": {
		"thirdperson_righthand": {
			"rotation": [75, 45, 0],
			"translation": [0, 1.5, 1],
			"scale": [0.375, 0.375, 0.375]
		},
		"thirdperson_lefthand": {
			"rotation": [75, 45, 0],
			"translation": [0, 1.5, 1],
			"scale": [0.375, 0.375, 0.375]
		},
		"firstperson_righthand": {
			"rotation": [0, 45, 0],
			"translation": [0, 2.5, 0.5],
			"scale": [0.5, 0.5, 0.5]
		},
		"firstperson_lefthand": {
			"rotation": [0, 45, 0],
			"translation": [0, 2.5, 0.5],
			"scale": [0.5, 0.5, 0.5]
		},
		"ground": {
			"translation": [0, 3, 0],
			"scale": [0.25, 0.25, 0.25]
		},
		"gui": {
			"rotation": [30, 225, 0],
			"scale": [0.7, 0.7, 0.7]
		},
		"head": {
			"translation": [0, 6.5, 0],
			"scale": [1.65, 1.65, 1.65]
		},
		"fixed": {
			"rotation": [0, 180, 0]
		}
	}
}