{
	"credit": "Made with Blockbench",
	"texture_size": [64, 32],
	"textures": {
		"0": "custom:item/decoration/halloween/hw_skeleton",
		"particle": "custom:item/decoration/halloween/hw_skeleton"
	},
	"elements": [
		{
			"name": "head",
			"from": [4, 13, 9],
			"to": [12, 21, 17],
			"rotation": {"angle": -22.5, "axis": "x", "origin": [8, 13, 13]},
			"faces": {
				"north": {"uv": [2, 4, 4, 8], "texture": "#0"},
				"east": {"uv": [0, 4, 2, 8], "texture": "#0"},
				"south": {"uv": [6, 4, 8, 8], "texture": "#0"},
				"west": {"uv": [4, 4, 6, 8], "texture": "#0"},
				"up": {"uv": [2, 0, 4, 4], "texture": "#0"},
				"down": {"uv": [4, 0, 6, 4], "texture": "#0"}
			}
		},
		{
			"name": "head inverted",
			"from": [12, 21, 17],
			"to": [4, 13, 9],
			"rotation": {"angle": -22.5, "axis": "x", "origin": [8, 13, 13]},
			"faces": {
				"north": {"uv": [6, 8, 8, 4], "texture": "#0"},
				"east": {"uv": [4, 8, 6, 4], "texture": "#0"},
				"south": {"uv": [2, 8, 4, 4], "texture": "#0"},
				"west": {"uv": [0, 8, 2, 4], "texture": "#0"},
				"up": {"uv": [6, 0, 4, 4], "texture": "#0"},
				"down": {"uv": [4, 0, 2, 4], "texture": "#0"}
			}
		},
		{
			"name": "body",
			"from": [4, 1, 11],
			"to": [12, 13, 15],
			"rotation": {"angle": 0, "axis": "y", "origin": [8, 7, 13]},
			"faces": {
				"north": {"uv": [5, 10, 7, 16], "texture": "#0"},
				"east": {"uv": [4, 10, 5, 16], "texture": "#0"},
				"south": {"uv": [8, 10, 10, 16], "texture": "#0"},
				"west": {"uv": [7, 10, 8, 16], "texture": "#0"},
				"up": {"uv": [5, 8, 7, 10], "texture": "#0"},
				"down": {"uv": [7, 8, 9, 10], "texture": "#0"}
			}
		},
		{
			"name": "body inverted",
			"from": [12, 13, 15],
			"to": [4, 1, 11],
			"rotation": {"angle": 0, "axis": "y", "origin": [8, 7, 13]},
			"faces": {
				"north": {"uv": [8, 16, 10, 10], "texture": "#0"},
				"east": {"uv": [7, 16, 8, 10], "texture": "#0"},
				"south": {"uv": [5, 16, 7, 10], "texture": "#0"},
				"west": {"uv": [4, 16, 5, 10], "texture": "#0"},
				"up": {"uv": [9, 8, 7, 10], "texture": "#0"},
				"down": {"uv": [7, 8, 5, 10], "texture": "#0"}
			}
		},
		{
			"name": "right arm",
			"from": [12, 1, 12],
			"to": [14, 13, 14],
			"rotation": {"angle": 22.5, "axis": "x", "origin": [12, 12, 13]},
			"faces": {
				"north": {"uv": [10.5, 9, 11, 15], "texture": "#0"},
				"east": {"uv": [10, 9, 10.5, 15], "texture": "#0"},
				"south": {"uv": [11.5, 9, 12, 15], "texture": "#0"},
				"west": {"uv": [11, 9, 11.5, 15], "texture": "#0"},
				"up": {"uv": [10.5, 8, 11, 9], "texture": "#0"},
				"down": {"uv": [11, 8, 11.5, 9], "texture": "#0"}
			}
		},
		{
			"name": "left arm",
			"from": [2, 1, 12],
			"to": [4, 13, 14],
			"rotation": {"angle": 0, "axis": "y", "origin": [4, 12, 13]},
			"faces": {
				"north": {"uv": [10.5, 9, 11, 15], "texture": "#0"},
				"east": {"uv": [10, 9, 10.5, 15], "texture": "#0"},
				"south": {"uv": [11.5, 9, 12, 15], "texture": "#0"},
				"west": {"uv": [11, 9, 11.5, 15], "texture": "#0"},
				"up": {"uv": [10.5, 8, 11, 9], "texture": "#0"},
				"down": {"uv": [11, 8, 11.5, 9], "texture": "#0"}
			}
		},
		{
			"name": "right leg",
			"from": [9, 0, 1],
			"to": [11, 2, 13],
			"rotation": {"angle": 0, "axis": "y", "origin": [10, 1, 13]},
			"faces": {
				"north": {"uv": [1, 8, 1.5, 9], "rotation": 180, "texture": "#0"},
				"east": {"uv": [0, 9, 0.5, 15], "rotation": 270, "texture": "#0"},
				"south": {"uv": [0.5, 8, 1, 9], "texture": "#0"},
				"west": {"uv": [1, 9, 1.5, 15], "rotation": 90, "texture": "#0"},
				"up": {"uv": [0.5, 9, 1, 15], "rotation": 180, "texture": "#0"},
				"down": {"uv": [1.5, 9, 2, 15], "texture": "#0"}
			}
		},
		{
			"name": "left leg",
			"from": [5, 0, 1],
			"to": [7, 2, 13],
			"rotation": {"angle": 22.5, "axis": "y", "origin": [6, 1, 13]},
			"faces": {
				"north": {"uv": [1, 8, 1.5, 9], "rotation": 180, "texture": "#0"},
				"east": {"uv": [0, 9, 0.5, 15], "rotation": 270, "texture": "#0"},
				"south": {"uv": [0.5, 8, 1, 9], "texture": "#0"},
				"west": {"uv": [1, 9, 1.5, 15], "rotation": 90, "texture": "#0"},
				"up": {"uv": [0.5, 9, 1, 15], "rotation": 180, "texture": "#0"},
				"down": {"uv": [1.5, 9, 2, 15], "texture": "#0"}
			}
		}
	],
	"display": {
		"thirdperson_righthand": {
			"rotation": [75, 45, 0],
			"translation": [0, 2.5, 0],
			"scale": [0.375, 0.375, 0.375]
		},
		"thirdperson_lefthand": {
			"rotation": [75, 45, 0],
			"translation": [0, 2.5, 0],
			"scale": [0.375, 0.375, 0.375]
		},
		"firstperson_righthand": {
			"rotation": [0, 45, 0],
			"scale": [0.4, 0.4, 0.4]
		},
		"firstperson_lefthand": {
			"rotation": [0, 225, 0],
			"scale": [0.4, 0.4, 0.4]
		},
		"ground": {
			"translation": [0, 3, 0],
			"scale": [0.25, 0.25, 0.25]
		},
		"gui": {
			"rotation": [30, 225, 0],
			"translation": [0, -1.5, 0],
			"scale": [0.6, 0.6, 0.6]
		},
		"head": {
			"translation": [1, 14.5, -0.25]
		}
	},
	"groups": [
		{
			"name": "head",
			"origin": [8, 24, 8],
			"color": 0,
			"children": [0, 1]
		},
		{
			"name": "body",
			"origin": [8, 18, 8],
			"color": 0,
			"children": [2, 3]
		},
		4,
		5,
		6,
		7
	]
}