{
	"credit": "Made with Blockbench",
	"texture_size": [64, 64],
	"textures": {
		"0": "item/custom/cosmetic/hiking_backpack",
		"particle": "item/custom/cosmetic/hiking_backpack"
	},
	"elements": [
		{
			"from": [4, 0, 7],
			"to": [12, 11, 12],
			"faces": {
				"north": {"uv": [0, 0, 2, 2.75], "texture": "#0"},
				"east": {"uv": [0, 2.75, 1.25, 5.5], "texture": "#0"},
				"south": {"uv": [2, 0, 4, 2.75], "texture": "#0"},
				"west": {"uv": [1.25, 2.75, 2.5, 5.5], "texture": "#0"},
				"up": {"uv": [6, 3, 4, 1.75], "texture": "#0"},
				"down": {"uv": [6, 3, 4, 4.25], "texture": "#0"}
			}
		},
		{
			"from": [5, 0, 12],
			"to": [11, 7, 14],
			"faces": {
				"north": {"uv": [2.5, 2.75, 4, 4.5], "texture": "#0"},
				"east": {"uv": [6.5, 6.5, 7, 8.25], "texture": "#0"},
				"south": {"uv": [4, 0, 5.5, 1.75], "texture": "#0"},
				"west": {"uv": [0, 6.75, 0.5, 8.5], "texture": "#0"},
				"up": {"uv": [2, 7.25, 0.5, 6.75], "texture": "#0"},
				"down": {"uv": [8.5, 3.5, 7, 4], "texture": "#0"}
			}
		},
		{
			"from": [4, 0, 4],
			"to": [12, 5, 7],
			"faces": {
				"north": {"uv": [4, 4.25, 6, 5.5], "texture": "#0"},
				"east": {"uv": [5, 6.5, 5.75, 7.75], "texture": "#0"},
				"south": {"uv": [0, 5.5, 2, 6.75], "texture": "#0"},
				"west": {"uv": [5.75, 6.5, 6.5, 7.75], "texture": "#0"},
				"up": {"uv": [8, 2.75, 6, 2], "texture": "#0"},
				"down": {"uv": [8, 2.75, 6, 3.5], "texture": "#0"}
			}
		},
		{
			"from": [3, 5, 3],
			"to": [13, 9, 7],
			"faces": {
				"north": {"uv": [5.5, 0, 8, 1], "texture": "#0"},
				"east": {"uv": [2.5, 4.5, 3.5, 5.5], "texture": "#0"},
				"south": {"uv": [2, 5.5, 4.5, 6.5], "texture": "#0"},
				"west": {"uv": [6, 3.5, 7, 4.5], "texture": "#0"},
				"up": {"uv": [7, 6.5, 4.5, 5.5], "texture": "#0"},
				"down": {"uv": [8.5, 1, 6, 2], "texture": "#0"}
			}
		},
		{
			"from": [2, 0, 7],
			"to": [4, 4, 11],
			"faces": {
				"north": {"uv": [3.5, 4.5, 4, 5.5], "texture": "#0"},
				"east": {"uv": [6, 4.5, 7, 5.5], "texture": "#0"},
				"south": {"uv": [7, 4, 7.5, 5], "texture": "#0"},
				"west": {"uv": [4, 6.5, 5, 7.5], "texture": "#0"},
				"up": {"uv": [7.5, 6, 7, 5], "texture": "#0"},
				"down": {"uv": [7.5, 6, 7, 7], "texture": "#0"}
			}
		},
		{
			"from": [4, -4, 3],
			"to": [6, 5, 3],
			"faces": {
				"north": {"uv": [3, 6.5, 3.5, 8.75], "texture": "#0"},
				"east": {"uv": [0, 0, 0, 2.25], "texture": "#0"},
				"south": {"uv": [3.5, 6.5, 4, 8.75], "texture": "#0"},
				"west": {"uv": [0, 0, 0, 2.25], "texture": "#0"},
				"up": {"uv": [0.5, 0, 0, 0], "texture": "#0"},
				"down": {"uv": [0.5, 0, 0, 0], "texture": "#0"}
			}
		},
		{
			"from": [9, -4, 3],
			"to": [11, 5, 3],
			"faces": {
				"north": {"uv": [2, 6.5, 2.5, 8.75], "texture": "#0"},
				"east": {"uv": [0, 0, 0, 2.25], "texture": "#0"},
				"south": {"uv": [2.5, 6.5, 3, 8.75], "texture": "#0"},
				"west": {"uv": [0, 0, 0, 2.25], "texture": "#0"},
				"up": {"uv": [0.5, 0, 0, 0], "texture": "#0"},
				"down": {"uv": [0.5, 0, 0, 0], "texture": "#0"}
			}
		}
	],
	"display": {
		"thirdperson_righthand": {
			"rotation": [75, 45, 0],
			"translation": [0, 2, 2],
			"scale": [0.6, 0.6, 0.6]
		},
		"thirdperson_lefthand": {
			"rotation": [75, 45, 0],
			"translation": [0, 2, 2],
			"scale": [0.6, 0.6, 0.6]
		},
		"firstperson_righthand": {
			"rotation": [0, 45, 0],
			"translation": [-2.5, 4.75, 4.5],
			"scale": [0.4, 0.4, 0.4]
		},
		"firstperson_lefthand": {
			"rotation": [0, 45, 0],
			"translation": [-2.5, 4.75, 4.5],
			"scale": [0.4, 0.4, 0.4]
		},
		"ground": {
			"translation": [0, 3.5, 0],
			"scale": [0.4, 0.4, 0.4]
		},
		"gui": {
			"rotation": [30, 225, 0],
			"translation": [-0.5, 2.75, 0],
			"scale": [0.8, 0.8, 0.8]
		},
		"head": {
			"rotation": [-180, 0.5, -180],
			"translation": [0, -10.75, 10.25],
			"scale": [1.61, 1.61, 1.61]
		},
		"fixed": {
			"translation": [0, 4, -12.75],
			"scale": [2.54, 2.54, 2.54]
		}
	}
}