{
	"credit": "Made with Blockbench",
	"texture_size": [32, 32],
	"textures": {
		"0": "custom:item/decoration/cake/birthday_cake_2023",
		"particle": "custom:item/decoration/cake/birthday_cake_2023"
	},
	"elements": [
		{
			"from": [7, 14, 8],
			"to": [9, 16, 8],
			"rotation": {"angle": -45, "axis": "y", "origin": [8, 15, 8]},
			"faces": {
				"north": {"uv": [8.5, 10.5, 10, 12.5], "texture": "#0"},
				"south": {"uv": [10, 10.5, 8.5, 12.5], "texture": "#0"}
			}
		},
		{
			"from": [7, 14, 8],
			"to": [9, 16, 8],
			"rotation": {"angle": 45, "axis": "y", "origin": [8, 15, 8]},
			"faces": {
				"north": {"uv": [8.5, 10.5, 10, 12.5], "texture": "#0"},
				"south": {"uv": [10, 10.5, 8.5, 12.5], "texture": "#0"}
			}
		},
		{
			"from": [7.5, 11, 7.5],
			"to": [8.5, 14, 8.5],
			"faces": {
				"north": {"uv": [9, 12.5, 9.5, 14.5], "texture": "#0"},
				"east": {"uv": [9, 12.5, 9.5, 14.5], "texture": "#0"},
				"south": {"uv": [9, 12.5, 9.5, 14.5], "texture": "#0"},
				"west": {"uv": [9, 12.5, 9.5, 14.5], "texture": "#0"},
				"up": {"uv": [9, 12.5, 9.5, 13], "texture": "#0"}
			}
		},
		{
			"from": [3, 6, 3],
			"to": [13, 11, 13],
			"faces": {
				"north": {"uv": [7, 8, 12, 10.5], "texture": "#0"},
				"east": {"uv": [7, 8, 12, 10.5], "texture": "#0"},
				"south": {"uv": [7, 8, 12, 10.5], "texture": "#0"},
				"west": {"uv": [7, 8, 12, 10.5], "texture": "#0"},
				"up": {"uv": [7, 3, 12, 8], "texture": "#0"}
			}
		},
		{
			"from": [1, 0, 1],
			"to": [15, 6, 15],
			"faces": {
				"north": {"uv": [7, 0, 14, 3], "texture": "#0"},
				"east": {"uv": [7, 0, 14, 3], "texture": "#0"},
				"south": {"uv": [7, 0, 14, 3], "texture": "#0"},
				"west": {"uv": [7, 0, 14, 3], "texture": "#0"},
				"up": {"uv": [7, 7, 0, 0], "texture": "#0"},
				"down": {"uv": [7, 7, 0, 14], "texture": "#0", "cullface": "down"}
			}
		}
	],
	"display": {
		"thirdperson_righthand": {
			"rotation": [75, 45, 0],
			"translation": [-1.25, 3.5, 1.25],
			"scale": [0.5, 0.5, 0.5]
		},
		"thirdperson_lefthand": {
			"rotation": [75, 45, 0],
			"translation": [-1.25, 3.5, 1.25],
			"scale": [0.5, 0.5, 0.5]
		},
		"firstperson_righthand": {
			"rotation": [0, -45, 0],
			"translation": [0, 3, 0],
			"scale": [0.6, 0.6, 0.6]
		},
		"firstperson_lefthand": {
			"rotation": [0, -45, 0],
			"translation": [0, 3, 0],
			"scale": [0.6, 0.6, 0.6]
		},
		"ground": {
			"translation": [0, 1.25, 0],
			"scale": [0.5, 0.5, 0.5]
		},
		"gui": {
			"rotation": [30, 225, 0],
			"scale": [0.625, 0.625, 0.625]
		},
		"head": {
			"translation": [0, 11, 0],
			"scale": [1.1, 1.1, 1.1]
		},
		"fixed": {
			"rotation": [-90, 0, 0],
			"translation": [0, 0, -7]
		}
	},
	"groups": [
		{
			"name": "group",
			"origin": [7, 12, 8],
			"color": 0,
			"children": [0, 1, 2]
		},
		3,
		4
	]
}