{
	"textures": {
		"0": "#skin",
		"particle": "#skin"
	},
	"elements": [
		{
			"name": "head",
			"from": [4.4, 8.09, 7.1],
			"to": [11.6, 15.29, 14.3],
			"rotation": {"angle": 0, "axis": "y", "origin": [0.8, 0, 0.8]},
			"faces": {
				"north": {"uv": [2, 2, 4, 4], "texture": "#0"},
				"east": {"uv": [0, 2, 2, 4], "texture": "#0"},
				"south": {"uv": [6, 2, 8, 4], "texture": "#0"},
				"west": {"uv": [4, 2, 6, 4], "texture": "#0"},
				"up": {"uv": [4, 2, 2, 0], "texture": "#0"},
				"down": {"uv": [6, 0, 4, 2], "texture": "#0"}
			}
		},
		{
			"name": "body",
			"from": [5.6, 0.9, 8.6],
			"to": [10.4, 8.1, 11],
			"rotation": {"angle": 0, "axis": "y", "origin": [3.2, 0, 3.2]},
			"faces": {
				"north": {"uv": [5, 5, 7, 8], "texture": "#0"},
				"east": {"uv": [4, 5, 5, 8], "texture": "#0"},
				"south": {"uv": [8, 5, 10, 8], "texture": "#0"},
				"west": {"uv": [7, 5, 8, 8], "texture": "#0"},
				"up": {"uv": [7, 5, 5, 4], "texture": "#0"},
				"down": {"uv": [9, 4, 7, 5], "texture": "#0"}
			}
		},
		{
			"name": "right_arm",
			"from": [10.4, 6.2, 3.1],
			"to": [12.2, 8.6, 10.3],
			"rotation": {"angle": -45, "axis": "x", "origin": [8.2, 8, 10.2]},
			"faces": {
				"north": {"uv": [12.5, 4, 11.75, 5], "rotation": 180, "texture": "#0"},
				"east": {"uv": [10, 5, 11, 8], "rotation": 270, "texture": "#0"},
				"south": {"uv": [11.75, 5, 11, 4], "texture": "#0"},
				"west": {"uv": [11.75, 5, 12.75, 8], "rotation": 90, "texture": "#0"},
				"up": {"uv": [11, 5, 11.75, 8], "rotation": 180, "texture": "#0"},
				"down": {"uv": [12.75, 5, 13.5, 8], "texture": "#0"}
			}
		},
		{
			"name": "left_arm",
			"from": [3.8, 6.2, 3.1],
			"to": [5.6, 8.6, 10.3],
			"rotation": {"angle": -45, "axis": "x", "origin": [8.2, 8, 10.2]},
			"faces": {
				"north": {"uv": [10.5, 12, 9.75, 13], "rotation": 180, "texture": "#0"},
				"east": {"uv": [8, 13, 9, 16], "rotation": 270, "texture": "#0"},
				"south": {"uv": [9.75, 13, 9, 12], "texture": "#0"},
				"west": {"uv": [9.75, 13, 10.75, 16], "rotation": 90, "texture": "#0"},
				"up": {"uv": [9, 13, 9.75, 16], "rotation": 180, "texture": "#0"},
				"down": {"uv": [10.75, 13, 11.5, 16], "texture": "#0"}
			}
		},
		{
			"name": "right_leg",
			"from": [3.2, 0, 3.5],
			"to": [5.6, 2.4, 10.7],
			"rotation": {"angle": 22.5, "axis": "y", "origin": [3.2, 0, 3.2]},
			"faces": {
				"north": {"uv": [7, 12, 6, 13], "rotation": 180, "texture": "#0"},
				"east": {"uv": [4, 13, 5, 16], "rotation": 270, "texture": "#0"},
				"south": {"uv": [6, 13, 5, 12], "texture": "#0"},
				"west": {"uv": [6, 13, 7, 16], "rotation": 90, "texture": "#0"},
				"up": {"uv": [5, 13, 6, 16], "rotation": 180, "texture": "#0"},
				"down": {"uv": [7, 13, 8, 16], "texture": "#0"}
			}
		},
		{
			"name": "left_leg",
			"from": [9.8, 0, -0.1],
			"to": [12.2, 2.4, 7.1],
			"rotation": {"angle": -22.5, "axis": "y", "origin": [3.2, 0, 3.2]},
			"faces": {
				"north": {"uv": [3, 4, 2, 5], "rotation": 180, "texture": "#0"},
				"east": {"uv": [0, 5, 1, 8], "rotation": 270, "texture": "#0"},
				"south": {"uv": [2, 5, 1, 4], "texture": "#0"},
				"west": {"uv": [2, 5, 3, 8], "rotation": 90, "texture": "#0"},
				"up": {"uv": [1, 5, 2, 8], "rotation": 180, "texture": "#0"},
				"down": {"uv": [3, 5, 4, 8], "texture": "#0"}
			}
		},
		{
			"name": "head_2nd_layer",
			"from": [3.95, 7.64, 6.65],
			"to": [12.05, 15.74, 14.75],
			"rotation": {"angle": 0, "axis": "y", "origin": [0.8, 0, 0.8]},
			"faces": {
				"north": {"uv": [10, 2, 12, 4], "texture": "#0"},
				"east": {"uv": [8, 2, 10, 4], "texture": "#0"},
				"south": {"uv": [14, 2, 16, 4], "texture": "#0"},
				"west": {"uv": [12, 2, 14, 4], "texture": "#0"},
				"up": {"uv": [12, 2, 10, 0], "texture": "#0"},
				"down": {"uv": [14, 0, 12, 2], "texture": "#0"}
			}
		},
		{
			"name": "body_2nd_layer",
			"from": [5.5, 0.612, 8.294],
			"to": [10.5, 8.418, 11.294],
			"rotation": {"angle": 0, "axis": "y", "origin": [3.2, 0, 3.2]},
			"faces": {
				"north": {"uv": [5, 9, 7, 12], "texture": "#0"},
				"east": {"uv": [4, 9, 5, 12], "texture": "#0"},
				"south": {"uv": [8, 9, 10, 12], "texture": "#0"},
				"west": {"uv": [7, 9, 8, 12], "texture": "#0"},
				"up": {"uv": [7, 9, 5, 8], "texture": "#0"},
				"down": {"uv": [9, 8, 7, 9], "texture": "#0"}
			}
		},
		{
			"name": "right_arm_2nd_layer",
			"from": [10.1, 5.9, 2.8],
			"to": [12.5, 8.9, 10.6],
			"rotation": {"angle": -45, "axis": "x", "origin": [8.2, 8, 10.2]},
			"faces": {
				"north": {"uv": [12.5, 8, 11.75, 9], "rotation": 180, "texture": "#0"},
				"east": {"uv": [10, 9, 11, 12], "rotation": 270, "texture": "#0"},
				"south": {"uv": [11.75, 9, 11, 8], "texture": "#0"},
				"west": {"uv": [11.75, 9, 12.75, 12], "rotation": 90, "texture": "#0"},
				"up": {"uv": [10.75, 9, 11.5, 12], "rotation": 180, "texture": "#0"},
				"down": {"uv": [12.75, 9, 13.5, 12], "texture": "#0"}
			}
		},
		{
			"name": "left_arm_2nd_layer",
			"from": [3.5, 5.9, 2.8],
			"to": [5.9, 8.9, 10.6],
			"rotation": {"angle": -45, "axis": "x", "origin": [8.2, 8, 10.2]},
			"faces": {
				"north": {"uv": [14.5, 12, 13.75, 13], "rotation": 180, "texture": "#0"},
				"east": {"uv": [12, 13, 13, 16], "rotation": 270, "texture": "#0"},
				"south": {"uv": [13.75, 13, 13, 12], "texture": "#0"},
				"west": {"uv": [13.75, 13, 14.75, 16], "rotation": 90, "texture": "#0"},
				"up": {"uv": [13, 13, 13.75, 16], "rotation": 180, "texture": "#0"},
				"down": {"uv": [14.75, 13, 15.5, 16], "texture": "#0"}
			}
		},
		{
			"name": "right_leg_2nd_layer",
			"from": [9.5, -0.3, -0.4],
			"to": [12.5, 2.7, 7.4],
			"rotation": {"angle": -22.5, "axis": "y", "origin": [3.2, 0, 3.2]},
			"faces": {
				"north": {"uv": [3, 8, 2, 9], "rotation": 180, "texture": "#0"},
				"east": {"uv": [0, 9, 1, 12], "rotation": 270, "texture": "#0"},
				"south": {"uv": [2, 9, 1, 8], "texture": "#0"},
				"west": {"uv": [0, 9, 1, 12], "rotation": 90, "texture": "#0"},
				"up": {"uv": [1, 9, 2, 12], "rotation": 180, "texture": "#0"},
				"down": {"uv": [3, 9, 4, 12], "texture": "#0"}
			}
		},
		{
			"name": "left_leg_2nd_layer",
			"from": [2.9, -0.3, 3.2],
			"to": [5.9, 2.7, 11],
			"rotation": {"angle": 22.5, "axis": "y", "origin": [3.2, 0, 3.2]},
			"faces": {
				"north": {"uv": [3, 12, 2, 13], "rotation": 180, "texture": "#0"},
				"east": {"uv": [0, 13, 1, 16], "rotation": 270, "texture": "#0"},
				"south": {"uv": [2, 13, 1, 12], "texture": "#0"},
				"west": {"uv": [2, 13, 3, 16], "rotation": 90, "texture": "#0"},
				"up": {"uv": [1, 13, 2, 16], "rotation": 180, "texture": "#0"},
				"down": {"uv": [3, 13, 4, 16], "texture": "#0"}
			}
		},
		{
			"name": "head_2nd_layer inverted",
			"from": [12.05, 15.74, 14.75],
			"to": [3.95, 7.64, 6.65],
			"rotation": {"angle": 0, "axis": "y", "origin": [0.8, 0, 0.8]},
			"faces": {
				"north": {"uv": [14, 4, 16, 2], "texture": "#0"},
				"east": {"uv": [12, 4, 14, 2], "texture": "#0"},
				"south": {"uv": [10, 4, 12, 2], "texture": "#0"},
				"west": {"uv": [8, 4, 10, 2], "texture": "#0"},
				"up": {"uv": [12, 0, 14, 2], "texture": "#0"},
				"down": {"uv": [10, 2, 12, 0], "texture": "#0"}
			}
		},
		{
			"name": "body_2nd_layer inverted",
			"from": [10.5, 8.418, 11.294],
			"to": [5.5, 0.612, 8.294],
			"rotation": {"angle": 0, "axis": "y", "origin": [3.2, 0, 3.2]},
			"faces": {
				"north": {"uv": [8, 12, 10, 9], "texture": "#0"},
				"east": {"uv": [7, 12, 8, 9], "texture": "#0"},
				"south": {"uv": [5, 12, 7, 9], "texture": "#0"},
				"west": {"uv": [4, 12, 5, 9], "texture": "#0"},
				"up": {"uv": [7, 8, 9, 9], "texture": "#0"},
				"down": {"uv": [5, 9, 7, 8], "texture": "#0"}
			}
		},
		{
			"name": "left_arm_nd_layer inverted",
			"from": [12.5, 8.9, 10.6],
			"to": [10.1, 5.9, 2.8],
			"rotation": {"angle": -45, "axis": "x", "origin": [8.2, 8, 10.2]},
			"faces": {
				"north": {"uv": [11.75, 8, 11, 9], "texture": "#0"},
				"east": {"uv": [12.75, 9, 11.75, 12], "rotation": 90, "texture": "#0"},
				"south": {"uv": [12.5, 9, 11.75, 8], "rotation": 180, "texture": "#0"},
				"west": {"uv": [11, 9, 10, 12], "rotation": 270, "texture": "#0"},
				"up": {"uv": [13.5, 9, 12.75, 12], "texture": "#0"},
				"down": {"uv": [11.5, 9, 10.75, 12], "rotation": 180, "texture": "#0"}
			}
		},
		{
			"name": "right_arm_nd_layer inverted",
			"from": [5.9, 8.9, 10.6],
			"to": [3.5, 5.9, 2.8],
			"rotation": {"angle": -45, "axis": "x", "origin": [8.2, 8, 10.2]},
			"faces": {
				"north": {"uv": [13.75, 12, 13, 13], "texture": "#0"},
				"east": {"uv": [14.75, 13, 13.75, 16], "rotation": 90, "texture": "#0"},
				"south": {"uv": [14.5, 13, 13.75, 12], "rotation": 180, "texture": "#0"},
				"west": {"uv": [13, 13, 12, 16], "rotation": 270, "texture": "#0"},
				"up": {"uv": [15.5, 13, 14.75, 16], "texture": "#0"},
				"down": {"uv": [13.75, 13, 13, 16], "rotation": 180, "texture": "#0"}
			}
		},
		{
			"name": "left_leg_nd_layer inverted",
			"from": [12.5, 2.7, 7.4],
			"to": [9.5, -0.3, -0.4],
			"rotation": {"angle": -22.5, "axis": "y", "origin": [3.2, 0, 3.2]},
			"faces": {
				"north": {"uv": [2, 8, 1, 9], "texture": "#0"},
				"east": {"uv": [1, 9, 0, 12], "rotation": 90, "texture": "#0"},
				"south": {"uv": [3, 9, 2, 8], "rotation": 180, "texture": "#0"},
				"west": {"uv": [1, 9, 0, 12], "rotation": 270, "texture": "#0"},
				"up": {"uv": [4, 9, 3, 12], "texture": "#0"},
				"down": {"uv": [2, 9, 1, 12], "rotation": 180, "texture": "#0"}
			}
		},
		{
			"name": "right_leg_nd_layer inverted",
			"from": [5.9, 2.7, 11],
			"to": [2.9, -0.3, 3.2],
			"rotation": {"angle": 22.5, "axis": "y", "origin": [3.2, 0, 3.2]},
			"faces": {
				"north": {"uv": [2, 12, 1, 13], "texture": "#0"},
				"east": {"uv": [3, 13, 2, 16], "rotation": 90, "texture": "#0"},
				"south": {"uv": [3, 13, 2, 12], "rotation": 180, "texture": "#0"},
				"west": {"uv": [1, 13, 0, 16], "rotation": 270, "texture": "#0"},
				"up": {"uv": [4, 13, 3, 16], "texture": "#0"},
				"down": {"uv": [2, 13, 1, 16], "rotation": 180, "texture": "#0"}
			}
		}
	],
	"gui_light": "front",
	"display": {
		"thirdperson_righthand": {
			"rotation": [70, 17, 0],
			"translation": [-1, 3.5, 3.5],
			"scale": [0.7, 0.7, 0.7]
		},
		"thirdperson_lefthand": {
			"rotation": [70, 17, 0],
			"translation": [-1, 3.5, 3.5],
			"scale": [0.7, 0.7, 0.7]
		},
		"firstperson_righthand": {
			"rotation": [0, 110, 0],
			"translation": [1.13, 3.2, 1.13],
			"scale": [0.45, 0.45, 0.45]
		},
		"firstperson_lefthand": {
			"rotation": [0, 110, 0],
			"translation": [1.13, 3.2, 1.13],
			"scale": [0.45, 0.45, 0.45]
		},
		"ground": {
			"translation": [0, 0.75, 0],
			"scale": [0.5, 0.5, 0.5]
		},
		"gui": {
			"rotation": [0, 180, 0],
			"translation": [0, 0.25, 0],
			"scale": [0.9, 0.9, 0.9]
		},
		"head": {
			"translation": [0, 14.5, 0]
		},
		"fixed": {
			"rotation": [-90, 0, 0],
			"translation": [0, 0, -14.5],
			"scale": [1.8, 1.8, 1.8]
		}
	},
	"groups": [
		{
			"name": "alex",
			"origin": [8, 8, 8],
			"color": 0,
			"children": [0, 1, 2, 3, 4, 5, 6, 7, 8, 9, 10, 11, 12, 13, 14, 15, 16, 17]
		}
	]
}