{
	"credit": "Made with Blockbench",
	"textures": {
		"0": "custom:item/entity/spirit_fire_0",
		"2": "custom:item/entity/spirit_ring",
		"particle": "custom:item/entity/spirit_fire_0"
	},
	"elements": [
		{
			"from": [3, 3, 3],
			"to": [13, 13, 13],
			"faces": {
				"north": {"uv": [3, 6, 13, 16], "texture": "#0"},
				"east": {"uv": [3, 6, 13, 16], "texture": "#0"},
				"south": {"uv": [3, 6, 13, 16], "texture": "#0"},
				"west": {"uv": [3, 6, 13, 16], "texture": "#0"},
				"up": {"uv": [3, 6, 13, 16], "texture": "#0"},
				"down": {"uv": [3, 6, 13, 16], "texture": "#0"}
			}
		},
		{
			"from": [8, -1, -1],
			"to": [8, 17, 17],
			"rotation": {"angle": 45, "axis": "y", "origin": [8, 8, 8]},
			"faces": {
				"north": {"uv": [0, 0, 0, 16], "texture": "#2"},
				"east": {"uv": [0, 0, 16, 16], "texture": "#2"},
				"south": {"uv": [0, 0, 0, 16], "texture": "#2"},
				"west": {"uv": [0, 0, 16, 16], "texture": "#2"},
				"up": {"uv": [0, 0, 0, 16], "texture": "#2"},
				"down": {"uv": [0, 0, 0, 16], "texture": "#2"}
			}
		},
		{
			"from": [-1, -1, 8],
			"to": [17, 17, 8],
			"rotation": {"angle": 45, "axis": "y", "origin": [8, 8, 8]},
			"faces": {
				"north": {"uv": [0, 0, 16, 16], "texture": "#2"},
				"east": {"uv": [0, 0, 0, 16], "texture": "#2"},
				"south": {"uv": [0, 0, 16, 16], "texture": "#2"},
				"west": {"uv": [0, 0, 0, 16], "texture": "#2"},
				"up": {"uv": [0, 0, 0, 16], "rotation": 270, "texture": "#2"},
				"down": {"uv": [0, 0, 0, 16], "rotation": 90, "texture": "#2"}
			}
		}
	],
	"gui_light": "front",
	"display": {
		"firstperson_righthand": {
			"rotation": [0, 45, 0],
			"scale": [0.4, 0.4, 0.4]
		},
		"firstperson_lefthand": {
			"rotation": [0, 225, 0],
			"scale": [0.4, 0.4, 0.4]
		},
		"ground": {
			"translation": [0, 3, 0],
			"scale": [0.25, 0.25, 0.25]
		},
		"gui": {
			"rotation": [30, 225, 0],
			"scale": [0.625, 0.625, 0.625]
		},
		"head": {
			"scale": [1.3, 1.3, 1.3]
		},
		"fixed": {
			"translation": [0, 0, -5.75]
		}
	},
	"groups": [
		0,
		{
			"name": "ring",
			"origin": [8, 8, 8],
			"color": 0,
			"children": [1, 2]
		}
	]
}