{
	"credit": "Made with Blockbench",
	"texture_size": [32, 32],
	"textures": {
		"0": "custom:item/cosmetic/hats/bowler_hat",
		"1": "custom:item/cosmetic/hats/bowler_hat_overlay",
		"particle": "custom:item/cosmetic/hats/bowler_hat"
	},
	"elements": [
		{
			"from": [3, 0, 3],
			"to": [13, 2, 13],
			"rotation": {"angle": 0, "axis": "y", "origin": [8, 1, 8]},
			"faces": {
				"north": {"uv": [0, 11, 5, 12], "texture": "#0"},
				"east": {"uv": [0, 12, 5, 11], "texture": "#0"},
				"south": {"uv": [0, 11, 5, 12], "texture": "#0"},
				"west": {"uv": [0, 11, 5, 12], "texture": "#0"},
				"up": {"uv": [5, 11, 0, 6], "texture": "#0"},
				"down": {"uv": [0, 6, 5, 11], "texture": "#0"}
			}
		},
		{
			"from": [4, 2, 4],
			"to": [12, 6, 12],
			"rotation": {"angle": 0, "axis": "y", "origin": [8, 4, 8]},
			"faces": {
				"north": {"uv": [0, 4, 4, 6], "texture": "#0"},
				"east": {"uv": [4, 4, 8, 6], "texture": "#0"},
				"south": {"uv": [8, 4, 12, 6], "texture": "#0"},
				"west": {"uv": [12, 4, 16, 6], "texture": "#0"},
				"up": {"uv": [0, 0, 4, 4], "texture": "#0"}
			}
		},
		{
			"from": [4, 2, 4],
			"to": [12, 6, 12],
			"rotation": {"angle": 0, "axis": "y", "origin": [8, 4, 8]},
			"faces": {
				"north": {"uv": [0, 4, 4, 6], "texture": "#1", "tintindex": 1},
				"east": {"uv": [4, 4, 8, 6], "texture": "#1", "tintindex": 1},
				"south": {"uv": [8, 4, 12, 6], "texture": "#1", "tintindex": 1},
				"west": {"uv": [12, 4, 16, 6], "texture": "#1", "tintindex": 1}
			}
		}
	],
	"display": {
		"thirdperson_righthand": {
			"rotation": [75, 45, 0],
			"translation": [0, 1.75, 0],
			"scale": [0.6, 0.6, 0.6]
		},
		"thirdperson_lefthand": {
			"rotation": [75, 45, 0],
			"translation": [0, 1.75, 0],
			"scale": [0.6, 0.6, 0.6]
		},
		"firstperson_righthand": {
			"rotation": [0, 45, 0],
			"translation": [-3, 5, 5],
			"scale": [0.4, 0.4, 0.4]
		},
		"firstperson_lefthand": {
			"rotation": [0, 45, 0],
			"translation": [-3, 5, 5],
			"scale": [0.4, 0.4, 0.4]
		},
		"ground": {
			"translation": [0, 3, 0],
			"scale": [0.5, 0.5, 0.5]
		},
		"gui": {
			"rotation": [30, 225, 0],
			"translation": [0, 4.5, 0]
		},
		"head": {
			"translation": [0, 17, 0],
			"scale": [1.7, 1.7, 1.7]
		},
		"fixed": {
			"rotation": [-90, 0, 0],
			"translation": [0, 0, -23.75],
			"scale": [3, 3, 3]
		}
	}
}