{
	"credit": "Made with Blockbench",
	"textures": {
		"0": "custom:item/cosmetic/hats/build_win_hat",
		"particle": "custom:item/cosmetic/hats/build_win_hat"
	},
	"elements": [
		{
			"from": [6.25, 1.5, 2.25],
			"to": [9.75, 5, 2.25],
			"faces": {
				"north": {"uv": [10, 6.5, 15.5, 12], "texture": "#0"}
			}
		},
		{
			"name": "cube inverted",
			"from": [9.75, 5, 2.5],
			"to": [6.25, 1.5, 2],
			"faces": {
				"east": {"uv": [12.5, 6.5, 13.5, 4], "texture": "#0"},
				"west": {"uv": [12.5, 6.5, 13.5, 4], "texture": "#0"},
				"up": {"uv": [13.5, 3, 16, 4], "texture": "#0"},
				"down": {"uv": [16, 3, 13.5, 4], "texture": "#0"}
			}
		},
		{
			"from": [5.75, 1, 2],
			"to": [10.25, 5.5, 3.5],
			"faces": {
				"north": {"uv": [10.25, 4.25, 12.25, 6.25], "texture": "#0"},
				"east": {"uv": [12.5, 4, 13.5, 6.5], "texture": "#0"},
				"south": {"uv": [13.5, 4, 16, 6.5], "texture": "#0"},
				"west": {"uv": [12.5, 4, 13.5, 6.5], "texture": "#0"},
				"up": {"uv": [13.5, 3, 16, 4], "texture": "#0"}
			}
		},
		{
			"from": [6, 1, 3.5],
			"to": [10, 5.25, 13],
			"faces": {
				"east": {"uv": [7, 2, 12, 4], "texture": "#0"},
				"south": {"uv": [5, 2, 7, 4], "texture": "#0"},
				"west": {"uv": [12, 2, 7, 4], "texture": "#0"},
				"up": {"uv": [7, 0, 12, 2], "rotation": 90, "texture": "#0"}
			}
		},
		{
			"from": [3.5, 1, 3.5],
			"to": [12.5, 5, 12.75],
			"faces": {
				"north": {"uv": [0, 4.5, 4.5, 6.5], "texture": "#0"},
				"east": {"uv": [4.5, 4.5, 9, 6.5], "texture": "#0"},
				"south": {"uv": [0, 4.5, 4.5, 6.5], "texture": "#0"},
				"west": {"uv": [4.5, 4.5, 9, 6.5], "texture": "#0"},
				"up": {"uv": [4.5, 4.5, 0, 0], "texture": "#0"}
			}
		},
		{
			"from": [3, 0, 1],
			"to": [13, 1, 13.5],
			"faces": {
				"north": {"uv": [0, 13, 5, 13.5], "texture": "#0"},
				"east": {"uv": [11.5, 13, 5, 13.5], "texture": "#0"},
				"south": {"uv": [0, 13.5, 5, 14], "texture": "#0"},
				"west": {"uv": [5, 13, 11.5, 13.5], "texture": "#0"},
				"up": {"uv": [0, 6.5, 5, 13], "texture": "#0"},
				"down": {"uv": [5, 6.5, 10, 13], "texture": "#0"}
			}
		}
	],
	"display": {
		"thirdperson_righthand": {
			"rotation": [34, 36, 0],
			"translation": [-0.5, 3, 1],
			"scale": [0.55, 0.55, 0.55]
		},
		"thirdperson_lefthand": {
			"rotation": [34, 36, 0],
			"translation": [-0.5, 3, 1],
			"scale": [0.55, 0.55, 0.55]
		},
		"firstperson_righthand": {
			"rotation": [0, 120, 0],
			"translation": [0, 7.25, 2],
			"scale": [0.6, 0.6, 0.6]
		},
		"firstperson_lefthand": {
			"rotation": [0, 120, 0],
			"translation": [0, 7.25, 2],
			"scale": [0.6, 0.6, 0.6]
		},
		"ground": {
			"translation": [0, 1.25, 0],
			"scale": [0.5, 0.5, 0.5]
		},
		"gui": {
			"rotation": [30, 225, 0],
			"translation": [0, 3.5, 0],
			"scale": [0.8, 0.8, 0.8]
		},
		"head": {
			"translation": [0, 14.5, 0],
			"scale": [1.61, 1.61, 1.61]
		}
	},
	"groups": [
		{
			"name": "group",
			"origin": [0, 0, 0],
			"color": 0,
			"children": [0, 1, 2, 3, 4, 5]
		}
	]
}