{
	"credit": "basa890",
	"texture_size": [32, 32],
	"textures": {
		"particle": "custom:item/cosmetic/hats/build_helmet_overlay",
		"layer0": "custom:item/cosmetic/hats/build_helmet_overlay"
	},
	"elements": [
		{
			"from": [4, 0, 4],
			"to": [12, 5, 12],
			"rotation": {"angle": 0, "axis": "y", "origin": [8, 1.5, 5.75]},
			"faces": {
				"north": {"uv": [4, 4, 0, 6.5], "texture": "#layer0", "tintindex": 1},
				"east": {"uv": [4, 4, 8, 6.5], "texture": "#layer0", "tintindex": 1},
				"south": {"uv": [4, 4, 0, 6.5], "texture": "#layer0", "tintindex": 1},
				"west": {"uv": [8, 4, 4, 6.5], "texture": "#layer0", "tintindex": 1},
				"up": {"uv": [4, 0, 0, 4], "rotation": 90, "texture": "#layer0", "tintindex": 1}
			}
		},
		{
			"from": [7, 0, 3],
			"to": [9, 6, 13],
			"rotation": {"angle": 0, "axis": "y", "origin": [8, 1.5, 5.75]},
			"faces": {
				"north": {"uv": [0, 7.5, 1, 10.5], "texture": "#layer0", "tintindex": 1},
				"east": {"uv": [1, 7.5, 6, 10.5], "texture": "#layer0", "tintindex": 1},
				"south": {"uv": [6, 7.5, 7, 10.5], "texture": "#layer0", "tintindex": 1},
				"west": {"uv": [7, 7.5, 12, 10.5], "texture": "#layer0", "tintindex": 1},
				"up": {"uv": [1, 6.5, 6, 7.5], "rotation": 90, "texture": "#layer0", "tintindex": 1}
			}
		},
		{
			"from": [3, 0, 1],
			"to": [13, 0, 13],
			"faces": {
				"up": {"uv": [11, 0, 16, 6], "texture": "#layer0", "tintindex": 1},
				"down": {"uv": [11, 6, 16, 0], "texture": "#layer0", "tintindex": 1}
			}
		}
	],
	"display": {
		"thirdperson_righthand": {
			"rotation": [75, 45, 0],
			"translation": [0, 2.75, 3.75],
			"scale": [0.6, 0.6, 0.6]
		},
		"thirdperson_lefthand": {
			"rotation": [75, 45, 0],
			"translation": [0, 2.75, 3.75],
			"scale": [0.6, 0.6, 0.6]
		},
		"firstperson_righthand": {
			"rotation": [0, -68, 0],
			"translation": [-1.5, 6, 4.5],
			"scale": [0.4, 0.4, 0.4]
		},
		"firstperson_lefthand": {
			"rotation": [0, -68, 0],
			"translation": [-1.5, 6, 4.5],
			"scale": [0.4, 0.4, 0.4]
		},
		"ground": {
			"translation": [0, 3, 0],
			"scale": [0.5, 0.5, 0.5]
		},
		"gui": {
			"rotation": [30, 225, 0],
			"translation": [0.25, 5, 0],
			"scale": [0.99, 0.99, 0.99]
		},
		"head": {
			"translation": [0, 17, 0],
			"scale": [1.82, 1.82, 1.82]
		},
		"fixed": {
			"rotation": [-90, 0, 0],
			"translation": [0, 0, -16.25],
			"scale": [2, 2, 2]
		}
	}
}