{
	"credit": "Made with Blockbench",
	"texture_size": [64, 64],
	"textures": {
		"0": "custom:item/cosmetic/hats/clown",
		"1": "custom:item/cosmetic/hats/clown_overlay",
		"particle": "custom:item/cosmetic/hats/clown"
	},
	"elements": [
		{
			"from": [4, 0, 3],
			"to": [12, 8, 4],
			"faces": {
				"north": {"uv": [0.5, 10.5, 4.5, 14.5], "texture": "#0"},
				"east": {"uv": [0, 10, 0.5, 14.5], "texture": "#0"},
				"south": {"uv": [5, 10.5, 9, 14.5], "texture": "#0"},
				"west": {"uv": [4.5, 10, 5, 14.5], "texture": "#0"},
				"up": {"uv": [4.5, 10, 0, 10.5], "texture": "#0"},
				"down": {"uv": [9, 10, 4.5, 10.5], "texture": "#0"}
			}
		},
		{
			"from": [2, 6, 4],
			"to": [7, 11, 9],
			"faces": {
				"north": {"uv": [0, 2.5, 2.5, 5], "texture": "#1", "tintindex": 1},
				"east": {"uv": [2.5, 2.5, 5, 5], "texture": "#1", "tintindex": 1},
				"south": {"uv": [5, 2.5, 7.5, 5], "texture": "#1", "tintindex": 1},
				"west": {"uv": [7.5, 2.5, 10, 5], "texture": "#1", "tintindex": 1},
				"up": {"uv": [2.5, 0, 5, 2.5], "texture": "#1", "tintindex": 1},
				"down": {"uv": [5, 0, 7.5, 2.5], "texture": "#1", "tintindex": 1}
			}
		},
		{
			"from": [9, 6, 4],
			"to": [14, 11, 9],
			"faces": {
				"north": {"uv": [0, 2.5, 2.5, 5], "texture": "#1", "tintindex": 1},
				"east": {"uv": [2.5, 2.5, 5, 5], "texture": "#1", "tintindex": 1},
				"south": {"uv": [5, 2.5, 7.5, 5], "texture": "#1", "tintindex": 1},
				"west": {"uv": [7.5, 2.5, 10, 5], "texture": "#1", "tintindex": 1},
				"up": {"uv": [2.5, 0, 5, 2.5], "texture": "#1", "tintindex": 1},
				"down": {"uv": [5, 0, 7.5, 2.5], "texture": "#1", "tintindex": 1}
			}
		},
		{
			"from": [7, 2, 1],
			"to": [9, 4, 3],
			"faces": {
				"north": {"uv": [7.5, 1, 8.5, 2], "texture": "#1", "tintindex": 1},
				"east": {"uv": [8.5, 1, 9.5, 2], "texture": "#1", "tintindex": 1},
				"west": {"uv": [9.5, 1, 10.5, 2], "texture": "#1", "tintindex": 1},
				"up": {"uv": [8.5, 0, 9.5, 1], "texture": "#1", "tintindex": 1},
				"down": {"uv": [9.5, 0, 10.5, 1], "texture": "#1", "tintindex": 1}
			}
		}
	],
	"display": {
		"thirdperson_righthand": {
			"rotation": [82.75, 1, 0],
			"scale": [0.35, 0.35, 0.35]
		},
		"thirdperson_lefthand": {
			"rotation": [89.25, 0, 0],
			"scale": [0.35, 0.35, 0.35]
		},
		"firstperson_righthand": {
			"translation": [0, 3.75, 1.75],
			"scale": [0.77, 0.77, 0.77]
		},
		"firstperson_lefthand": {
			"translation": [0, 4.5, 3.25],
			"scale": [0.77, 0.77, 0.77]
		},
		"ground": {
			"translation": [0, 3, 0],
			"scale": [0.5, 0.5, 0.5]
		},
		"gui": {
			"rotation": [30, 225, 0],
			"translation": [-1.75, 2.5, 0]
		},
		"head": {
			"translation": [0, 7.25, 1],
			"scale": [1.81, 1.81, 1.81]
		},
		"fixed": {
			"rotation": [-32.75, 0, 0],
			"translation": [0, 5.75, -1.5],
			"scale": [1.65, 1.65, 1.65]
		}
	}
}