{
	"credit": "Made with Blockbench",
	"texture_size": [32, 32],
	"textures": {
		"0": "custom:item/cosmetic/hats/cook",
		"particle": "custom:item/cosmetic/hats/cook"
	},
	"elements": [
		{
			"from": [4, 0, 4],
			"to": [12, 2, 12],
			"faces": {
				"north": {"uv": [0, 14, 4, 15.5], "texture": "#0"},
				"east": {"uv": [4, 14, 8, 15.5], "texture": "#0"},
				"south": {"uv": [8, 14, 12, 15.5], "texture": "#0"},
				"west": {"uv": [12, 14, 16, 15.5], "texture": "#0"},
				"down": {"uv": [12, 10.0625, 8, 14.0375], "texture": "#0"}
			}
		},
		{
			"from": [3.3, 2, 3.1],
			"to": [12.8, 8, 12.9],
			"faces": {
				"north": {"uv": [0, 5, 5, 7.5], "texture": "#0"},
				"east": {"uv": [5, 5, 10, 7.5], "texture": "#0"},
				"south": {"uv": [0, 7.5, 5, 10], "texture": "#0"},
				"west": {"uv": [5, 7.5, 10, 10], "texture": "#0"},
				"up": {"uv": [5, 5, 0, 0], "texture": "#0"},
				"down": {"uv": [10, 5, 5, 0], "texture": "#0"}
			}
		}
	],
	"display": {
		"thirdperson_righthand": {
			"rotation": [75, 45, 0],
			"translation": [0, 1.75, -0.75],
			"scale": [0.6, 0.6, 0.6]
		},
		"thirdperson_lefthand": {
			"rotation": [75, 45, 0],
			"translation": [0, 1.75, -0.75],
			"scale": [0.6, 0.6, 0.6]
		},
		"firstperson_righthand": {
			"rotation": [0, 45, 0],
			"translation": [-2, 2.25, 4],
			"scale": [0.4, 0.4, 0.4]
		},
		"firstperson_lefthand": {
			"rotation": [0, 45, 0],
			"translation": [-2, 2.75, 4],
			"scale": [0.4, 0.4, 0.4]
		},
		"ground": {
			"translation": [0, 3, 0],
			"scale": [0.5, 0.5, 0.5]
		},
		"gui": {
			"rotation": [30, 225, 0],
			"translation": [0, 2.75, 0]
		},
		"head": {
			"translation": [0, 17, 0],
			"scale": [1.81, 1.81, 1.81]
		},
		"fixed": {
			"rotation": [-90, 0, 0],
			"translation": [0, 0, -4],
			"scale": [2, 2, 2]
		}
	}
}