{
	"credit": "Made with Blockbench",
	"texture_size": [32, 32],
	"textures": {
		"0": "custom:item/cosmetic/hats/farmer",
		"1": "custom:item/cosmetic/hats/farmer_overlay",
		"particle": "custom:item/cosmetic/hats/farmer"
	},
	"elements": [
		{
			"from": [5, 0, 5],
			"to": [11, 3, 11],
			"rotation": {"angle": 0, "axis": "y", "origin": [8, 1.5, 8]},
			"faces": {
				"north": {"uv": [0, 9, 3, 10.5], "texture": "#0"},
				"east": {"uv": [3, 9, 6, 10.5], "texture": "#0"},
				"south": {"uv": [6, 9, 9, 10.5], "texture": "#0"},
				"west": {"uv": [9, 9, 12, 10.5], "texture": "#0"},
				"up": {"uv": [9, 9, 6, 6], "texture": "#0"}
			}
		},
		{
			"from": [5, 0, 5],
			"to": [11, 3, 11],
			"rotation": {"angle": 0, "axis": "y", "origin": [8, 1.5, 8]},
			"faces": {
				"north": {"uv": [0, 9, 3, 10.5], "texture": "#1", "tintindex": 1},
				"east": {"uv": [3, 9, 6, 10.5], "texture": "#1", "tintindex": 1},
				"south": {"uv": [6, 9, 9, 10.5], "texture": "#1", "tintindex": 1},
				"west": {"uv": [9, 9, 12, 10.5], "texture": "#1", "tintindex": 1}
			}
		},
		{
			"from": [2, 0, 2],
			"to": [13, 0, 14],
			"rotation": {"angle": 0, "axis": "y", "origin": [7, 0, 8]},
			"faces": {
				"up": {"uv": [5.5, 0, 0, 6], "texture": "#0"},
				"down": {"uv": [5.5, 6, 0, 0], "texture": "#0"}
			}
		}
	],
	"display": {
		"thirdperson_righthand": {
			"rotation": [75, 45, 0],
			"translation": [0.25, 2.5, 3.75],
			"scale": [0.6, 0.6, 0.6]
		},
		"thirdperson_lefthand": {
			"rotation": [75, 45, 0],
			"translation": [0.25, 2.5, 3.75],
			"scale": [0.6, 0.6, 0.6]
		},
		"firstperson_righthand": {
			"rotation": [0, 45, 0],
			"translation": [-1.75, 6.5, 4.5],
			"scale": [0.4, 0.4, 0.4]
		},
		"firstperson_lefthand": {
			"rotation": [0, 45, 0],
			"translation": [-1.75, 6.5, 4.5],
			"scale": [0.4, 0.4, 0.4]
		},
		"ground": {
			"translation": [0, 3, 0],
			"scale": [0.5, 0.5, 0.5]
		},
		"gui": {
			"rotation": [30, 225, 0],
			"translation": [0, 6.5, 0],
			"scale": [0.95, 0.95, 0.95]
		},
		"head": {
			"translation": [0, 21, 0],
			"scale": [2.41, 2.25, 2.41]
		},
		"fixed": {
			"rotation": [-90, 0, 0],
			"translation": [0, 0, -16.25],
			"scale": [2, 2, 2]
		}
	}
}