{
	"credit": "Made with Blockbench",
	"texture_size": [32, 32],
	"textures": {
		"0": "custom:item/cosmetic/hats/flat_hat_overlay",
		"1": "custom:item/cosmetic/hats/flat_hat",
		"particle": "custom:item/cosmetic/hats/flat_hat_overlay"
	},
	"elements": [
		{
			"from": [2, 0, 2],
			"to": [14, 0, 14],
			"faces": {
				"up": {"uv": [6, 6, 0, 0], "texture": "#0", "tintindex": 1},
				"down": {"uv": [12, 0, 6, 6], "texture": "#0", "tintindex": 1}
			}
		},
		{
			"from": [4, 0, 4],
			"to": [12, 3, 12],
			"faces": {
				"north": {"uv": [0, 13, 4, 14.5], "texture": "#0", "tintindex": 1},
				"east": {"uv": [4, 13, 8, 14.5], "texture": "#0", "tintindex": 1},
				"south": {"uv": [8, 13, 12, 14.5], "texture": "#0", "tintindex": 1},
				"west": {"uv": [12, 13, 16, 14.5], "texture": "#0", "tintindex": 1},
				"up": {"uv": [8, 13, 4, 9], "texture": "#0", "tintindex": 1}
			}
		},
		{
			"from": [12, -4, 7],
			"to": [14, 0, 10],
			"faces": {
				"east": {"uv": [2, 6, 3.5, 8], "texture": "#1"},
				"up": {"uv": [0, 2, 1, 3.5], "texture": "#1"}
			}
		},
		{
			"from": [4, 0, 4],
			"to": [12, 1, 12],
			"faces": {
				"north": {"uv": [0, 14, 4, 14.5], "texture": "#1"},
				"east": {"uv": [4, 14, 8, 14.5], "texture": "#1"},
				"south": {"uv": [8, 14, 12, 14.5], "texture": "#1"},
				"west": {"uv": [12, 14, 16, 14.5], "texture": "#1"}
			}
		},
		{
			"name": "cube inverted",
			"from": [14, 0, 10],
			"to": [12, -4, 7],
			"faces": {
				"west": {"uv": [2, 8, 3.5, 6], "texture": "#1"}
			}
		}
	],
	"display": {
		"thirdperson_righthand": {
			"translation": [0, 4.25, 1.25],
			"scale": [0.47, 0.47, 0.47]
		},
		"thirdperson_lefthand": {
			"translation": [0, 4.25, 1.25],
			"scale": [0.47, 0.47, 0.47]
		},
		"firstperson_righthand": {
			"rotation": [0, 225, 0],
			"translation": [0, 2.5, 2.75],
			"scale": [0.4, 0.4, 0.4]
		},
		"firstperson_lefthand": {
			"rotation": [0, 225, 0],
			"translation": [0, 2.5, 2.75],
			"scale": [0.4, 0.4, 0.4]
		},
		"ground": {
			"translation": [0, 4, 0],
			"scale": [0.5, 0.5, 0.5]
		},
		"gui": {
			"rotation": [30, 225, 0],
			"translation": [0, 5.75, 0],
			"scale": [0.9, 0.9, 0.9]
		},
		"head": {
			"translation": [0, 17, 0],
			"scale": [1.82, 1.82, 1.82]
		},
		"fixed": {
			"rotation": [-90, 0, 0],
			"translation": [0, 0, -14.5],
			"scale": [1.81, 1.81, 1.81]
		}
	}
}