{
	"credit": "Made with Blockbench",
	"texture_size": [64, 64],
	"textures": {
		"0": "custom:item/cosmetic/hats/frog",
		"particle": "custom:item/cosmetic/hats/frog"
	},
	"elements": [
		{
			"from": [2, 0, 2],
			"to": [14, 0, 14],
			"faces": {
				"north": {"uv": [3, 3, 6, 3], "texture": "#0"},
				"east": {"uv": [0, 3, 3, 3], "texture": "#0"},
				"south": {"uv": [9, 3, 12, 3], "texture": "#0"},
				"west": {"uv": [6, 3, 9, 3], "texture": "#0"},
				"up": {"uv": [6, 6, 0, 0], "texture": "#0"},
				"down": {"uv": [12, 0, 6, 6], "texture": "#0"}
			}
		},
		{
			"from": [4, 0, 4],
			"to": [12, 4, 12],
			"faces": {
				"north": {"uv": [4, 13, 8, 15], "texture": "#0"},
				"east": {"uv": [0, 13, 4, 15], "texture": "#0"},
				"south": {"uv": [12, 13, 16, 15], "texture": "#0"},
				"west": {"uv": [8, 13, 12, 15], "texture": "#0"},
				"up": {"uv": [4, 13, 0, 9], "texture": "#0"},
				"down": {"uv": [8, 9, 4, 13], "texture": "#0"}
			}
		},
		{
			"from": [3, 3, 8],
			"to": [7, 7, 10],
			"faces": {
				"north": {"uv": [1, 7, 3, 9], "texture": "#0"},
				"east": {"uv": [0, 7, 1, 9], "texture": "#0"},
				"south": {"uv": [4, 7, 6, 9], "texture": "#0"},
				"west": {"uv": [3, 7, 4, 9], "texture": "#0"},
				"up": {"uv": [3, 7, 1, 6], "texture": "#0"},
				"down": {"uv": [5, 6, 3, 7], "texture": "#0"}
			}
		},
		{
			"from": [9, 3, 8],
			"to": [13, 7, 10],
			"faces": {
				"north": {"uv": [7.10417, 7, 9.0625, 9], "texture": "#0"},
				"east": {"uv": [6, 7, 7.10417, 9], "texture": "#0"},
				"south": {"uv": [10.04167, 7, 12, 9], "texture": "#0"},
				"west": {"uv": [9.0625, 7, 10.04167, 9], "texture": "#0"},
				"up": {"uv": [9.0625, 7, 6.97917, 6], "texture": "#0"},
				"down": {"uv": [11.02083, 6, 9.0625, 7], "texture": "#0"}
			}
		}
	],
	"display": {
		"thirdperson_righthand": {
			"translation": [0, 3.25, 0],
			"scale": [0.37, 0.37, 0.37]
		},
		"thirdperson_lefthand": {
			"translation": [0, 3.25, 0],
			"scale": [0.37, 0.37, 0.37]
		},
		"firstperson_righthand": {
			"translation": [0, 2.75, 2.5],
			"scale": [0.74, 0.74, 0.74]
		},
		"firstperson_lefthand": {
			"translation": [0, 1.75, 0.5],
			"scale": [0.74, 0.74, 0.74]
		},
		"ground": {
			"translation": [0, 3, 0],
			"scale": [0.5, 0.5, 0.5]
		},
		"gui": {
			"rotation": [30, 225, 0],
			"translation": [0, 4.75, 0]
		},
		"head": {
			"translation": [0, 17, -0.25],
			"scale": [1.83, 1.83, 1.83]
		},
		"fixed": {
			"rotation": [-89.5, 0, 0],
			"translation": [0, 0, -2.25],
			"scale": [2.03, 2.03, 2.03]
		}
	}
}