{
	"credit": "Made with Blockbench",
	"texture_size": [32, 32],
	"textures": {
		"0": "custom:item/cosmetic/gas_mask2",
		"1": "custom:item/cosmetic/gas_mask2_overlay",
		"particle": "custom:item/cosmetic/gas_mask2"
	},
	"elements": [
		{
			"from": [7, 4, 0],
			"to": [9, 6, 2],
			"rotation": {"angle": 45, "axis": "x", "origin": [0, 0, 0]},
			"faces": {
				"north": {"uv": [0, 14.5, 1, 15.5], "texture": "#0"},
				"east": {"uv": [0, 14.5, 1, 15.5], "texture": "#0"},
				"south": {"uv": [0, 14.5, 1, 15.5], "texture": "#0"},
				"west": {"uv": [0, 14.5, 1, 15.5], "texture": "#0"}
			}
		},
		{
			"from": [4, 3, 3],
			"to": [7, 6, 4],
			"faces": {
				"north": {"uv": [0.5, 12.45, 2, 13.95], "texture": "#0"},
				"east": {"uv": [0, 12.45, 0.5, 13.95], "texture": "#0"},
				"west": {"uv": [2, 12.5, 2.5, 14], "texture": "#0"},
				"up": {"uv": [2, 12.45, 0.5, 11.95], "texture": "#0"},
				"down": {"uv": [2, 14, 0.5, 14.5], "texture": "#0"}
			}
		},
		{
			"from": [9, 3, 3],
			"to": [12, 6, 4],
			"faces": {
				"north": {"uv": [0.5, 12.5, 2, 14], "texture": "#0"},
				"east": {"uv": [0, 12.5, 0.5, 14], "texture": "#0"},
				"west": {"uv": [2, 12.5, 2.5, 14], "texture": "#0"},
				"up": {"uv": [2, 12.5, 0.5, 12], "texture": "#0"},
				"down": {"uv": [2, 14, 0.5, 14.5], "texture": "#0"}
			}
		},
		{
			"from": [6, -3, 0],
			"to": [10, 1, 4],
			"rotation": {"angle": -45, "axis": "x", "origin": [0, 0, 0]},
			"faces": {
				"north": {"uv": [2, 10, 4, 12], "texture": "#0"},
				"east": {"uv": [0, 10, 2, 12], "texture": "#0"},
				"south": {"uv": [6, 10, 8, 12], "texture": "#0"},
				"west": {"uv": [4, 10, 6, 12], "texture": "#0"},
				"up": {"uv": [4, 10, 2, 8], "texture": "#0"},
				"down": {"uv": [6, 8, 4, 10], "texture": "#0"}
			}
		},
		{
			"from": [4, 0, 4],
			"to": [12, 8, 12],
			"faces": {
				"north": {"uv": [0, 4, 4, 8], "texture": "#0"},
				"east": {"uv": [4, 4, 8, 8], "texture": "#0"},
				"south": {"uv": [12, 8, 16, 4], "texture": "#0"},
				"west": {"uv": [8, 4, 12, 8], "texture": "#0"},
				"up": {"uv": [0, 4, 4, 0], "texture": "#0"}
			}
		},
		{
			"name": "cube inverted",
			"from": [12, 8, 12],
			"to": [4, 0, 4],
			"faces": {
				"north": {"uv": [12, 4, 16, 8], "texture": "#0"},
				"east": {"uv": [8, 8, 12, 4], "texture": "#0"},
				"south": {"uv": [0, 8, 4, 4], "texture": "#0"},
				"west": {"uv": [4, 8, 8, 4], "texture": "#0"},
				"down": {"uv": [0, 4, 4, 0], "texture": "#0"}
			}
		},
		{
			"from": [4, 0, 4],
			"to": [12, 8, 12],
			"faces": {
				"north": {"uv": [0, 4, 4, 8], "texture": "#1", "tintindex": 1},
				"east": {"uv": [4, 4, 8, 8], "texture": "#1", "tintindex": 1},
				"south": {"uv": [12, 8, 16, 4], "texture": "#1", "tintindex": 1},
				"west": {"uv": [8, 4, 12, 8], "texture": "#1", "tintindex": 1},
				"up": {"uv": [0, 4, 4, 0], "texture": "#1", "tintindex": 1}
			}
		},
		{
			"name": "cube inverted",
			"from": [12, 8, 12],
			"to": [4, 0, 4],
			"faces": {
				"north": {"uv": [12, 4, 16, 8], "texture": "#1", "tintindex": 1},
				"east": {"uv": [8, 8, 12, 4], "texture": "#1", "tintindex": 1},
				"south": {"uv": [0, 8, 4, 4], "texture": "#1", "tintindex": 1},
				"west": {"uv": [4, 8, 8, 4], "texture": "#1", "tintindex": 1},
				"down": {"uv": [0, 4, 4, 0], "texture": "#1", "tintindex": 1}
			}
		}
	],
	"display": {
		"thirdperson_righthand": {
			"rotation": [111, 0, 0],
			"translation": [0, -0.25, 1.25],
			"scale": [0.38, 0.38, 0.38]
		},
		"thirdperson_lefthand": {
			"rotation": [111, 0, 0],
			"translation": [0, -0.25, 1.25],
			"scale": [0.38, 0.38, 0.38]
		},
		"firstperson_righthand": {
			"rotation": [0, 92, 0],
			"translation": [2, 4.75, 1.75],
			"scale": [0.7, 0.7, 0.7]
		},
		"firstperson_lefthand": {
			"rotation": [0, 92, 0],
			"translation": [2, 4.75, 1.75],
			"scale": [0.7, 0.7, 0.7]
		},
		"ground": {
			"translation": [0, 3, 0],
			"scale": [0.5, 0.5, 0.5]
		},
		"gui": {
			"rotation": [30, 225, 0],
			"translation": [-1, 4.25, 0]
		},
		"head": {
			"translation": [0, 7.25, 0],
			"scale": [1.81, 1.81, 1.81]
		},
		"fixed": {
			"rotation": [-67.25, 0, 0],
			"translation": [0, 6.5, -13.25],
			"scale": [2.04, 2.04, 2.04]
		}
	}
}