{
	"credit": "Made with Blockbench",
	"texture_size": [32, 32],
	"textures": {
		"0": "custom:item/cosmetic/hats/hood",
		"1": "custom:item/cosmetic/hats/hood_overlay",
		"particle": "custom:item/cosmetic/hats/hood"
	},
	"elements": [
		{
			"from": [3, -1, 4],
			"to": [13, 9, 13],
			"faces": {
				"north": {"uv": [6, 9.5, 11, 14.5], "texture": "#0"},
				"east": {"uv": [0, 4.5, 4.5, 9.5], "texture": "#1", "tintindex": 1},
				"south": {"uv": [9, 4.5, 14, 9.5], "texture": "#1", "tintindex": 1},
				"west": {"uv": [4.5, 4.5, 9, 9.5], "texture": "#1", "tintindex": 1},
				"up": {"uv": [9, 4.5, 4, 0], "texture": "#1", "tintindex": 1},
				"down": {"uv": [14, 4.5, 9, 0], "texture": "#1", "tintindex": 1}
			}
		},
		{
			"from": [2, -2, 3],
			"to": [14, 10, 5],
			"faces": {
				"north": {"uv": [0, 9.5, 6, 15.5], "texture": "#0"},
				"east": {"uv": [0, 9.5, 1, 15.5], "texture": "#0"},
				"south": {"uv": [0, 9.5, 6, 15.5], "texture": "#0"},
				"west": {"uv": [5, 9.5, 6, 15.5], "texture": "#0"},
				"up": {"uv": [0, 9.5, 6, 10.5], "texture": "#0"},
				"down": {"uv": [0, 14.5, 6, 15.5], "texture": "#0"}
			}
		}
	],
	"display": {
		"thirdperson_righthand": {
			"translation": [0, 2.75, 1.5],
			"scale": [0.42, 0.42, 0.42]
		},
		"thirdperson_lefthand": {
			"translation": [0, 3.5, 0],
			"scale": [0.42, 0.42, 0.42]
		},
		"firstperson_righthand": {
			"translation": [2, 3.5, 0]
		},
		"firstperson_lefthand": {
			"translation": [0, 5.25, 0]
		},
		"ground": {
			"translation": [0, 3, 0],
			"scale": [0.4, 0.4, 0.4]
		},
		"gui": {
			"rotation": [30, 225, 0],
			"translation": [-0.25, 2.75, 0],
			"scale": [0.8, 0.8, 0.8]
		},
		"head": {
			"translation": [0, 5.75, 0],
			"scale": [1.46, 1.46, 1.46]
		},
		"fixed": {
			"rotation": [-84.25, 0, 0],
			"translation": [0, 4.25, -20.25],
			"scale": [2.12, 2.12, 2.12]
		}
	}
}