{
	"credit": "Made with Blockbench",
	"ambientocclusion": false,
	"texture_size": [32, 32],
	"textures": {
		"0": "custom:item/cosmetic/hats/magicall",
		"particle": "custom:item/cosmetic/hats/magicall"
	},
	"elements": [
		{
			"from": [2, 0, 2],
			"to": [14, 2, 14],
			"rotation": {"angle": 0, "axis": "x", "origin": [8, 1, 8]},
			"faces": {
				"north": {"uv": [6, 6, 12, 7], "texture": "#0"},
				"east": {"uv": [0, 6, 6, 7], "texture": "#0"},
				"south": {"uv": [6, 6, 12, 7], "texture": "#0"},
				"west": {"uv": [0, 6, 6, 7], "texture": "#0"},
				"up": {"uv": [6, 6, 0, 0], "texture": "#0"},
				"down": {"uv": [12, 0, 6, 6], "texture": "#0"}
			}
		},
		{
			"from": [3, 2, 3],
			"to": [13, 4, 13],
			"rotation": {"angle": 0, "axis": "x", "origin": [8, 3, 8]},
			"faces": {
				"north": {"uv": [5, 12, 10, 13], "texture": "#0"},
				"east": {"uv": [0, 12, 5, 13], "texture": "#0"},
				"south": {"uv": [0, 12, 5, 13], "texture": "#0"},
				"west": {"uv": [0, 12, 5, 13], "texture": "#0"},
				"up": {"uv": [5, 12, 0, 7], "texture": "#0"},
				"down": {"uv": [10, 7, 5, 12], "texture": "#0"}
			}
		},
		{
			"from": [4, 1.87775, 4.39876],
			"to": [12, 5.87775, 12.39876],
			"rotation": {"angle": 22.5, "axis": "x", "origin": [8, 3.62775, 8.89876]},
			"faces": {
				"north": {"uv": [12, 11, 16, 13], "texture": "#0"},
				"east": {"uv": [12, 11, 16, 13], "texture": "#0"},
				"south": {"uv": [12, 11, 16, 13], "texture": "#0"},
				"west": {"uv": [12, 11, 16, 13], "texture": "#0"},
				"up": {"uv": [16, 11, 12, 7], "texture": "#0"},
				"down": {"uv": [16, 7, 12, 11], "texture": "#0"}
			}
		},
		{
			"from": [5, 3.89214, 7.07107],
			"to": [11, 7.89214, 13.07107],
			"rotation": {"angle": 45, "axis": "x", "origin": [8, 6.14214, 10.07107]},
			"faces": {
				"north": {"uv": [13, 5, 16, 7], "texture": "#0"},
				"east": {"uv": [13, 5, 16, 7], "texture": "#0"},
				"south": {"uv": [13, 5, 16, 7], "texture": "#0"},
				"west": {"uv": [13, 5, 16, 7], "texture": "#0"},
				"up": {"uv": [16, 5, 13, 2], "texture": "#0"},
				"down": {"uv": [16, 2, 13, 5], "texture": "#0"}
			}
		},
		{
			"from": [6, 5.23218, 10.23345],
			"to": [10, 9.23218, 13.23345],
			"rotation": {"angle": -22.5, "axis": "x", "origin": [8, 7.98218, 11.53345]},
			"faces": {
				"north": {"uv": [14, 0, 16, 2], "rotation": 180, "texture": "#0"},
				"east": {"uv": [14, 0, 16, 1.5], "rotation": 270, "texture": "#0"},
				"south": {"uv": [14, 0, 16, 2], "texture": "#0"},
				"west": {"uv": [14, 0, 16, 1.5], "rotation": 90, "texture": "#0"},
				"up": {"uv": [14, 0, 16, 1.5], "rotation": 180, "texture": "#0"},
				"down": {"uv": [14, 0, 16, 1.5], "texture": "#0"}
			}
		}
	],
	"display": {
		"thirdperson_righthand": {
			"scale": [0.41, 0.41, 0.41]
		},
		"thirdperson_lefthand": {
			"scale": [0.41, 0.41, 0.41]
		},
		"firstperson_righthand": {
			"translation": [0, 1.75, 0],
			"scale": [0.75, 0.75, 0.75]
		},
		"firstperson_lefthand": {
			"scale": [0.75, 0.75, 0.75]
		},
		"ground": {
			"translation": [0, 3, 0],
			"scale": [0.4, 0.4, 0.4]
		},
		"gui": {
			"rotation": [30, 225, 0],
			"translation": [0, 3, 0],
			"scale": [0.8, 0.8, 0.8]
		},
		"head": {
			"rotation": [18, 0, 0],
			"translation": [0, 15, 3.5],
			"scale": [1.6, 1.6, 1.6]
		},
		"fixed": {
			"rotation": [-112.25, 0, 0],
			"translation": [0, -1.5, -4.5],
			"scale": [1.79, 1.79, 1.79]
		}
	}
}