{
	"credit": "Made with Blockbench",
	"texture_size": [64, 64],
	"textures": {
		"0": "custom:item/cosmetic/hats/pirate_hat",
		"1": "custom:item/cosmetic/hats/pirate_hat_overlay",
		"particle": "custom:item/cosmetic/hats/pirate_hat"
	},
	"elements": [
		{
			"from": [4, 1, 4],
			"to": [12, 7, 12],
			"rotation": {"angle": 0, "axis": "y", "origin": [0, -5, 0]},
			"faces": {
				"north": {"uv": [0, 4, 4, 7], "texture": "#0"},
				"east": {"uv": [4, 4, 8, 7], "texture": "#0"},
				"south": {"uv": [8, 4, 12, 7], "texture": "#0"},
				"west": {"uv": [12, 4, 16, 7], "texture": "#0"},
				"up": {"uv": [8, 4, 4, 0], "texture": "#0"}
			}
		},
		{
			"from": [4, 1, 6],
			"to": [8, 12, 6],
			"rotation": {"angle": 22.5, "axis": "z", "origin": [0, -5, 0]},
			"faces": {
				"north": {"uv": [14.5, 7, 16, 12], "texture": "#1", "tintindex": 1},
				"south": {"uv": [16, 7, 14.5, 12], "texture": "#1", "tintindex": 1}
			}
		},
		{
			"from": [3, 0, 3],
			"to": [13, 8, 13],
			"rotation": {"angle": 0, "axis": "y", "origin": [0, -5, 0]},
			"faces": {
				"north": {"uv": [0, 12, 5, 16], "texture": "#0"},
				"east": {"uv": [5, 12, 10, 16], "texture": "#0"},
				"south": {"uv": [10, 12, 15, 16], "texture": "#0"},
				"west": {"uv": [10, 12, 5, 16], "texture": "#0"},
				"down": {"uv": [5, 7, 10, 12], "texture": "#0"}
			}
		},
		{
			"name": "cube inverted",
			"from": [13, 8, 13],
			"to": [3, 0, 3],
			"rotation": {"angle": 0, "axis": "y", "origin": [0, -5, 0]},
			"faces": {
				"north": {"uv": [10, 16, 15, 12], "texture": "#0"},
				"east": {"uv": [10, 16, 5, 12], "texture": "#0"},
				"south": {"uv": [0, 16, 5, 12], "texture": "#0"},
				"west": {"uv": [5, 16, 10, 12], "texture": "#0"},
				"up": {"uv": [10, 7, 5, 12], "texture": "#0"}
			}
		}
	],
	"display": {
		"thirdperson_righthand": {
			"translation": [0, 1.25, 0],
			"scale": [0.39, 0.39, 0.39]
		},
		"thirdperson_lefthand": {
			"translation": [0, 1.25, 1],
			"scale": [0.39, 0.39, 0.39]
		},
		"firstperson_righthand": {
			"translation": [0.75, 2.25, 0.75],
			"scale": [0.7, 0.7, 0.7]
		},
		"firstperson_lefthand": {
			"translation": [0, 1.75, 0],
			"scale": [0.7, 0.7, 0.7]
		},
		"ground": {
			"translation": [0, 3.5, 0],
			"scale": [0.5, 0.5, 0.5]
		},
		"gui": {
			"rotation": [30, 225, 0],
			"translation": [-0.75, 1.5, 0],
			"scale": [0.85, 0.85, 0.85]
		},
		"head": {
			"translation": [0, 17, 0],
			"scale": [1.81, 1.81, 1.81]
		},
		"fixed": {
			"rotation": [-90.5, 0, 0],
			"translation": [0, 0, -7.5],
			"scale": [2.23, 2.23, 2.23]
		}
	}
}