{
	"credit": "Made with Blockbench",
	"ambientocclusion": false,
	"texture_size": [32, 32],
	"textures": {
		"1": "custom:item/cosmetic/hats/scarf_overlay"
	},
	"elements": [
		{
			"from": [-2, -2.2, 7],
			"to": [4, 1.8, 9],
			"rotation": {"angle": 22.5, "axis": "z", "origin": [0, 0, 0]},
			"faces": {
				"north": {"uv": [0, 8, 3, 10], "texture": "#1", "tintindex": 1},
				"south": {"uv": [3, 8, 6, 10], "texture": "#1", "tintindex": 1},
				"west": {"uv": [5, 8, 6, 10], "texture": "#1", "tintindex": 1},
				"up": {"uv": [3, 8, 0, 7], "texture": "#1", "tintindex": 1},
				"down": {"uv": [6, 7, 3, 8], "texture": "#1", "tintindex": 1}
			}
		},
		{
			"from": [-6, 1, 9],
			"to": [0, 3.999, 11],
			"rotation": {"angle": 22.5, "axis": "y", "origin": [0, 0, 0]},
			"faces": {
				"north": {"uv": [0, 7, 3, 8.5], "texture": "#1", "tintindex": 1},
				"south": {"uv": [0, 7, 3, 8.5], "texture": "#1", "tintindex": 1},
				"west": {"uv": [5, 8.5, 6, 10], "texture": "#1", "tintindex": 1},
				"up": {"uv": [0, 7, 3, 8], "texture": "#1", "tintindex": 1},
				"down": {"uv": [0, 7, 3, 8], "texture": "#1", "tintindex": 1}
			}
		},
		{
			"from": [-4, -2, 8],
			"to": [-2, 2, 8],
			"rotation": {"angle": 22.5, "axis": "z", "origin": [0, 0, 0]},
			"faces": {
				"north": {"uv": [0, 0, 1, 2], "texture": "#1", "tintindex": 1},
				"south": {"uv": [1, 0, 0, 2], "texture": "#1", "tintindex": 1}
			}
		},
		{
			"from": [-8, 1, 10],
			"to": [-6, 4, 10],
			"rotation": {"angle": 22.5, "axis": "y", "origin": [0, 0, 0]},
			"faces": {
				"north": {"uv": [0, 0, 1, 2], "texture": "#1", "tintindex": 1},
				"south": {"uv": [1, 0, 0, 2], "texture": "#1", "tintindex": 1}
			}
		},
		{
			"from": [3, 0, 4],
			"to": [13, 4, 14],
			"faces": {
				"north": {"uv": [0, 5, 5, 7], "texture": "#1", "tintindex": 1},
				"east": {"uv": [5, 5, 10, 7], "texture": "#1", "tintindex": 1},
				"south": {"uv": [0, 5, 5, 7], "texture": "#1", "tintindex": 1},
				"west": {"uv": [5, 5, 10, 7], "texture": "#1", "tintindex": 1},
				"up": {"uv": [4.5, 0, 9.5, 5], "texture": "#1", "tintindex": 1},
				"down": {"uv": [9.5, 0, 4.5, 5], "texture": "#1", "tintindex": 1}
			}
		},
		{
			"name": "cube inverted",
			"from": [13, 4, 14],
			"to": [3, 0, 4],
			"faces": {
				"north": {"uv": [0, 7, 5, 5], "texture": "#1", "tintindex": 1},
				"east": {"uv": [5, 7, 10, 5], "texture": "#1", "tintindex": 1},
				"south": {"uv": [0, 7, 5, 5], "texture": "#1", "tintindex": 1},
				"west": {"uv": [5, 7, 10, 5], "texture": "#1", "tintindex": 1},
				"up": {"uv": [4.5, 0, 9.5, 5], "texture": "#1", "tintindex": 1},
				"down": {"uv": [4.5, 0, 9.5, 5], "texture": "#1", "tintindex": 1}
			}
		}
	],
	"display": {
		"thirdperson_righthand": {
			"translation": [0, 2.5, 0.25],
			"scale": [0.31, 0.31, 0.31]
		},
		"thirdperson_lefthand": {
			"translation": [0, 2.5, 0.75],
			"scale": [0.31, 0.31, 0.31]
		},
		"firstperson_righthand": {
			"translation": [-1, 6.25, 3.25],
			"scale": [0.49, 0.49, 0.49]
		},
		"firstperson_lefthand": {
			"rotation": [0, -180, 0],
			"translation": [-1, 6.25, 3.25],
			"scale": [0.49, 0.49, 0.49]
		},
		"ground": {
			"translation": [0, 3, 0],
			"scale": [0.5, 0.5, 0.5]
		},
		"gui": {
			"rotation": [30, 45, 0],
			"translation": [0, 5.5, 0],
			"scale": [0.8, 0.8, 0.8]
		},
		"head": {
			"rotation": [0, -90, -180],
			"translation": [1.5, -15.75, 0],
			"scale": [1.52, 1.52, 1.52]
		},
		"fixed": {
			"rotation": [-91.25, 0, 0],
			"translation": [0, 0, -15.25],
			"scale": [1.94, 1.94, 1.94]
		}
	}
}