{
	"credit": "Made with Blockbench",
	"texture_size": [32, 32],
	"textures": {
		"0": "custom:item/cosmetic/hats/shako",
		"1": "custom:item/cosmetic/hats/shako_overlay",
		"particle": "custom:item/cosmetic/hats/shako"
	},
	"elements": [
		{
			"from": [4, 0, 4],
			"to": [12, 8, 12],
			"faces": {
				"north": {"uv": [4, 4, 8, 8], "texture": "#0"},
				"east": {"uv": [0, 4, 4, 8], "texture": "#0"},
				"south": {"uv": [12, 4, 16, 8], "texture": "#0"},
				"west": {"uv": [8, 4, 12, 8], "texture": "#0"},
				"up": {"uv": [8, 4, 4, 0], "texture": "#0"},
				"down": {"uv": [12, 0, 8, 4], "texture": "#0"}
			}
		},
		{
			"from": [4, 0, 4],
			"to": [12, 8, 12],
			"faces": {
				"north": {"uv": [4, 4, 8, 8], "texture": "#1", "tintindex": 1},
				"east": {"uv": [0, 4, 4, 8], "texture": "#1", "tintindex": 1},
				"south": {"uv": [12, 4, 16, 8], "texture": "#1", "tintindex": 1},
				"west": {"uv": [8, 4, 12, 8], "texture": "#1", "tintindex": 1},
				"up": {"uv": [8, 4, 4, 0], "texture": "#1", "tintindex": 1},
				"down": {"uv": [12, 0, 8, 4], "texture": "#1", "tintindex": 1}
			}
		},
		{
			"from": [4, 0, 1],
			"to": [12, 0, 4],
			"faces": {
				"up": {"uv": [4, 10, 0, 8.5], "texture": "#0"},
				"down": {"uv": [4, 8.5, 0, 10], "texture": "#0"}
			}
		},
		{
			"from": [6, 5, 3.999],
			"to": [10, 13, 3.999],
			"faces": {
				"north": {"uv": [4.5, 8.5, 6.5, 12.5], "texture": "#0"},
				"south": {"uv": [6.5, 8.5, 4.5, 12.5], "texture": "#0"}
			}
		}
	],
	"gui_light": "front",
	"display": {
		"thirdperson_righthand": {
			"scale": [0.35, 0.35, 0.35]
		},
		"thirdperson_lefthand": {
			"scale": [0.35, 0.35, 0.35]
		},
		"firstperson_righthand": {
			"translation": [-0.75, 2, 3.25],
			"scale": [0.56, 0.56, 0.56]
		},
		"firstperson_lefthand": {
			"translation": [-2.75, 1.75, 3.5],
			"scale": [0.56, 0.56, 0.56]
		},
		"ground": {
			"translation": [0, 3, 0],
			"scale": [0.5, 0.5, 0.5]
		},
		"gui": {
			"rotation": [30, 225, 0],
			"translation": [-1, 3.5, 0]
		},
		"head": {
			"translation": [0, 17, 0],
			"scale": [1.81, 1.81, 1.81]
		},
		"fixed": {
			"rotation": [-90, 0, 0],
			"translation": [0, 0, -21],
			"scale": [2.53, 2.53, 2.53]
		}
	}
}