{
	"credit": "Made with Blockbench",
	"texture_size": [64, 64],
	"textures": {
		"0": "custom:item/cosmetic/hats/steampank/steampank",
		"particle": "custom:item/cosmetic/hats/steampank/steampank"
	},
	"elements": [
		{
			"from": [3, 3, 3],
			"to": [13, 5, 13],
			"faces": {
				"north": {"uv": [0, 5.5, 5, 6.5], "texture": "#0"},
				"east": {"uv": [5, 6.5, 10, 5.5], "texture": "#0"},
				"south": {"uv": [10, 5.5, 15, 6.5], "texture": "#0"},
				"west": {"uv": [4.5, 6.5, 9.5, 5.5], "texture": "#0"},
				"up": {"uv": [0, 0.5, 5, 5.5], "texture": "#0"},
				"down": {"uv": [0, 5.5, 5, 0.5], "texture": "#0"}
			}
		},
		{
			"from": [3, 2, 3],
			"to": [13, 6, 4],
			"faces": {
				"north": {"uv": [0, 7, 5, 9], "texture": "#0"},
				"east": {"uv": [5, 9, 5.5, 7], "texture": "#0"},
				"south": {"uv": [0, 7, 5, 9], "texture": "#0"},
				"west": {"uv": [5, 9, 5.5, 7], "texture": "#0"},
				"up": {"uv": [0, 6.5, 5, 7], "texture": "#0"},
				"down": {"uv": [0, 6.5, 5, 7], "texture": "#0"}
			}
		},
		{
			"name": "cube inverted",
			"from": [9, 6, 4],
			"to": [7, 2, 3],
			"rotation": {"angle": 0, "axis": "y", "origin": [0, -1, 0]},
			"faces": {
				"east": {"uv": [5, 9, 5.5, 7], "texture": "#0"},
				"west": {"uv": [5, 9, 5.5, 7], "texture": "#0"}
			}
		},
		{
			"name": "cube inverted",
			"from": [13, 5, 13],
			"to": [3, 3, 3],
			"faces": {
				"north": {"uv": [10, 6.5, 15, 5.5], "texture": "#0"},
				"east": {"uv": [4.5, 5.5, 9.5, 6.5], "texture": "#0"},
				"south": {"uv": [0, 6.5, 5, 5.5], "texture": "#0"},
				"west": {"uv": [5, 5.5, 10, 6.5], "texture": "#0"},
				"up": {"uv": [5, 5.5, 0, 0.5], "texture": "#0"},
				"down": {"uv": [5, 0.5, 0, 5.5], "texture": "#0"}
			}
		}
	],
	"display": {
		"thirdperson_righthand": {
			"rotation": [75, 45, 0],
			"translation": [0, 2.5, 3.25],
			"scale": [0.5, 0.5, 0.5]
		},
		"thirdperson_lefthand": {
			"rotation": [75, 45, 0],
			"translation": [0, 2.5, 3.25],
			"scale": [0.5, 0.5, 0.5]
		},
		"firstperson_righthand": {
			"rotation": [0, 45, 0],
			"translation": [-1.75, 5.25, 4.25],
			"scale": [0.4, 0.4, 0.4]
		},
		"firstperson_lefthand": {
			"rotation": [0, 45, 0],
			"translation": [-1.75, 5.25, 4.25],
			"scale": [0.4, 0.4, 0.4]
		},
		"ground": {
			"translation": [0, 3, 0],
			"scale": [0.5, 0.5, 0.5]
		},
		"gui": {
			"rotation": [30, 225, 0],
			"translation": [0, 3.5, 0]
		},
		"head": {
			"rotation": [15, 0, 0],
			"translation": [0, 9.5, 1.25],
			"scale": [1.6, 1.6, 1.6]
		},
		"fixed": {
			"rotation": [-91, 0, 0],
			"translation": [0.5, 0, -14],
			"scale": [1.7, 1.7, 1.7]
		}
	}
}