{
	"credit": "Made with Blockbench",
	"textures": {
		"0": "custom:item/cosmetic/hats/tiara",
		"particle": "custom:item/cosmetic/hats/tiara"
	},
	"elements": [
		{
			"from": [4, 0, 4],
			"to": [12, 7, 12],
			"faces": {
				"north": {"uv": [0, 0, 8, 7], "texture": "#0"},
				"east": {"uv": [16, 0, 8, 7], "texture": "#0"},
				"south": {"uv": [0, 8, 8, 15], "texture": "#0"},
				"west": {"uv": [8, 0, 16, 7], "texture": "#0"}
			}
		},
		{
			"name": "cube inverted",
			"from": [12, 7, 12],
			"to": [4, 0, 4],
			"faces": {
				"north": {"uv": [0, 15, 8, 8], "texture": "#0"},
				"east": {"uv": [8, 7, 16, 0], "texture": "#0"},
				"south": {"uv": [0, 7, 8, 0], "texture": "#0"},
				"west": {"uv": [16, 7, 8, 0], "texture": "#0"}
			}
		},
		{
			"from": [7, 2, 3.75],
			"to": [9, 4, 4.25],
			"faces": {
				"north": {"uv": [8, 11, 10, 13], "texture": "#0"},
				"east": {"uv": [8, 11, 9, 13], "texture": "#0"},
				"south": {"uv": [10, 11, 8, 13], "texture": "#0"},
				"west": {"uv": [9, 11, 10, 13], "texture": "#0"},
				"up": {"uv": [10, 11, 8, 12], "texture": "#0"},
				"down": {"uv": [10, 12, 8, 13], "texture": "#0"}
			}
		},
		{
			"from": [5, 2, 11.75],
			"to": [7, 3, 12.25],
			"faces": {
				"north": {"uv": [1, 12, 3, 13], "texture": "#0"},
				"east": {"uv": [2, 12, 3, 13], "texture": "#0"},
				"south": {"uv": [1, 12, 3, 13], "texture": "#0"},
				"west": {"uv": [1, 12, 2, 13], "texture": "#0"},
				"up": {"uv": [1, 12, 3, 13], "texture": "#0"},
				"down": {"uv": [1, 12, 3, 13], "texture": "#0"}
			}
		},
		{
			"from": [5, 3, 11.75],
			"to": [6, 4, 12.25],
			"faces": {
				"north": {"uv": [1, 11, 2, 12], "texture": "#0"},
				"east": {"uv": [1, 11, 2, 12], "texture": "#0"},
				"south": {"uv": [1, 11, 2, 12], "texture": "#0"},
				"west": {"uv": [1, 11, 2, 12], "texture": "#0"},
				"up": {"uv": [1, 11, 2, 12], "texture": "#0"},
				"down": {"uv": [1, 11, 2, 12], "texture": "#0"}
			}
		},
		{
			"from": [9, 2, 11.75],
			"to": [11, 3, 12.25],
			"rotation": {"angle": 0, "axis": "y", "origin": [16, 0, 0]},
			"faces": {
				"north": {"uv": [3, 12, 1, 13], "texture": "#0"},
				"east": {"uv": [3, 12, 2, 13], "texture": "#0"},
				"south": {"uv": [3, 12, 1, 13], "texture": "#0"},
				"west": {"uv": [2, 12, 1, 13], "texture": "#0"},
				"up": {"uv": [3, 12, 1, 13], "texture": "#0"},
				"down": {"uv": [3, 12, 1, 13], "texture": "#0"}
			}
		},
		{
			"from": [10, 3, 11.75],
			"to": [11, 4, 12.25],
			"rotation": {"angle": 0, "axis": "y", "origin": [16, 0, 0]},
			"faces": {
				"north": {"uv": [1, 11, 2, 12], "texture": "#0"},
				"east": {"uv": [1, 11, 2, 12], "texture": "#0"},
				"south": {"uv": [1, 11, 2, 12], "texture": "#0"},
				"west": {"uv": [1, 11, 2, 12], "texture": "#0"},
				"up": {"uv": [1, 11, 2, 12], "texture": "#0"},
				"down": {"uv": [1, 11, 2, 12], "texture": "#0"}
			}
		},
		{
			"from": [11.75, 1, 7],
			"to": [12.25, 2, 9],
			"rotation": {"angle": 0, "axis": "y", "origin": [16, 0, 0]},
			"faces": {
				"north": {"uv": [12, 5, 11, 6], "texture": "#0"},
				"east": {"uv": [13, 5, 11, 6], "texture": "#0"},
				"south": {"uv": [13, 5, 12, 6], "texture": "#0"},
				"west": {"uv": [13, 5, 11, 6], "texture": "#0"},
				"up": {"uv": [11, 6, 13, 5], "rotation": 90, "texture": "#0"},
				"down": {"uv": [11, 6, 13, 5], "rotation": 90, "texture": "#0"}
			}
		},
		{
			"from": [11.75, 0, 6],
			"to": [12.25, 1, 7],
			"rotation": {"angle": 0, "axis": "y", "origin": [16, 0, 0]},
			"faces": {
				"north": {"uv": [11, 6, 10, 7], "texture": "#0"},
				"east": {"uv": [11, 6, 10, 7], "texture": "#0"},
				"south": {"uv": [11, 6, 10, 7], "texture": "#0"},
				"west": {"uv": [11, 6, 10, 7], "texture": "#0"},
				"up": {"uv": [11, 6, 10, 7], "texture": "#0"},
				"down": {"uv": [11, 6, 10, 7], "texture": "#0"}
			}
		},
		{
			"from": [3.75, 0, 6],
			"to": [4.25, 1, 7],
			"faces": {
				"north": {"uv": [10, 6, 11, 7], "texture": "#0"},
				"east": {"uv": [10, 6, 11, 7], "texture": "#0"},
				"south": {"uv": [10, 6, 11, 7], "texture": "#0"},
				"west": {"uv": [10, 6, 11, 7], "texture": "#0"},
				"up": {"uv": [10, 6, 11, 7], "texture": "#0"},
				"down": {"uv": [10, 6, 11, 7], "texture": "#0"}
			}
		},
		{
			"from": [3.75, 1, 7],
			"to": [4.25, 2, 9],
			"faces": {
				"north": {"uv": [12, 5, 11, 6], "texture": "#0"},
				"east": {"uv": [13, 5, 11, 6], "texture": "#0"},
				"south": {"uv": [13, 5, 12, 6], "texture": "#0"},
				"west": {"uv": [13, 5, 11, 6], "texture": "#0"},
				"up": {"uv": [11, 6, 13, 5], "rotation": 90, "texture": "#0"},
				"down": {"uv": [11, 6, 13, 5], "rotation": 90, "texture": "#0"}
			}
		}
	],
	"display": {
		"thirdperson_righthand": {
			"translation": [0, 3, 1],
			"scale": [0.55, 0.55, 0.55]
		},
		"thirdperson_lefthand": {
			"translation": [0, 3, 1],
			"scale": [0.55, 0.55, 0.55]
		},
		"firstperson_righthand": {
			"scale": [0, 0, 0]
		},
		"firstperson_lefthand": {
			"scale": [0, 0, 0]
		},
		"ground": {
			"translation": [0, 2, 0],
			"scale": [0.5, 0.5, 0.5]
		},
		"gui": {
			"rotation": [30, 225, 0],
			"translation": [0, 4.25, 0]
		},
		"head": {
			"translation": [0, 12, 0],
			"scale": [1.81, 1.8, 1.81]
		}
	},
	"groups": [
		0,
		1,
		2,
		{
			"name": "group",
			"origin": [16, 0, 0],
			"color": 0,
			"children": [3, 4, 5, 6]
		},
		{
			"name": "group",
			"origin": [0, 0, 0],
			"color": 0,
			"children": [7, 8, 9, 10]
		}
	]
}