{
	"credit": "Made with Blockbench",
	"texture_size": [32, 32],
	"textures": {
		"0": "custom:item/cosmetic/hats/top_hat",
		"1": "custom:item/cosmetic/hats/top_hat_overlay",
		"particle": "custom:item/cosmetic/hats/top_hat"
	},
	"elements": [
		{
			"from": [4, 0, 4],
			"to": [12, 10, 12],
			"faces": {
				"north": {"uv": [0, 4, 4, 9], "texture": "#0"},
				"east": {"uv": [4, 4, 8, 9], "texture": "#0"},
				"south": {"uv": [12, 4, 16, 9], "texture": "#0"},
				"west": {"uv": [8, 4, 12, 9], "texture": "#0"},
				"up": {"uv": [4, 4, 0, 0], "texture": "#0"}
			}
		},
		{
			"from": [4, 0, 4],
			"to": [12, 10, 12],
			"faces": {
				"north": {"uv": [0, 4, 4, 9], "texture": "#1", "tintindex": 1},
				"east": {"uv": [4, 4, 8, 9], "texture": "#1", "tintindex": 1},
				"south": {"uv": [12, 4, 16, 9], "texture": "#1", "tintindex": 1},
				"west": {"uv": [8, 4, 12, 9], "texture": "#1", "tintindex": 1}
			}
		},
		{
			"from": [1, 0, 1],
			"to": [15, 0, 15],
			"faces": {
				"north": {"uv": [0, 0, 3, 0], "texture": "#0"},
				"east": {"uv": [0, 0, 3, 0], "texture": "#0"},
				"south": {"uv": [0, 0, 3, 0], "texture": "#0"},
				"west": {"uv": [0, 0, 3, 0], "texture": "#0"},
				"up": {"uv": [0, 9, 7, 16], "texture": "#0"},
				"down": {"uv": [0, 9, 7, 16], "texture": "#0"}
			}
		}
	],
	"display": {
		"thirdperson_righthand": {
			"rotation": [75, 45, 0],
			"translation": [0, 3.5, 0.5],
			"scale": [0.55, 0.55, 0.55]
		},
		"thirdperson_lefthand": {
			"rotation": [75, 45, 0],
			"translation": [0, 2.5, 0.5],
			"scale": [0.55, 0.55, 0.55]
		},
		"firstperson_righthand": {
			"rotation": [0, 45, 0],
			"translation": [-2.25, 4.25, 4.5],
			"scale": [0.4, 0.4, 0.4]
		},
		"firstperson_lefthand": {
			"rotation": [0, 45, 0],
			"translation": [-2.25, 4.25, 4.5],
			"scale": [0.4, 0.4, 0.4]
		},
		"ground": {
			"translation": [0, 3, 0],
			"scale": [0.5, 0.5, 0.5]
		},
		"gui": {
			"rotation": [30, 225, 0],
			"translation": [0, 2.75, 0],
			"scale": [0.8, 0.8, 0.8]
		},
		"head": {
			"translation": [0, 18, 0],
			"scale": [1.82, 1.82, 1.82]
		},
		"fixed": {
			"rotation": [-90, 0, 0],
			"translation": [0.5, 0, -24.5],
			"scale": [3, 3, 3]
		}
	}
}