{
	"credit": "Made with Blockbench",
	"texture_size": [32, 32],
	"textures": {
		"0": "custom:item/cosmetic/hats/ushanka",
		"particle": "custom:item/cosmetic/hats/ushanka"
	},
	"elements": [
		{
			"from": [3, 0, 3],
			"to": [13, 4, 13],
			"rotation": {"angle": 0, "axis": "y", "origin": [8, 2, 8]},
			"faces": {
				"north": {"uv": [0, 5, 5, 7], "texture": "#0"},
				"east": {"uv": [5, 5, 10, 7], "texture": "#0"},
				"south": {"uv": [5, 5, 0, 7], "texture": "#0"},
				"west": {"uv": [10, 5, 5, 7], "texture": "#0"},
				"up": {"uv": [5, 5, 0, 0], "texture": "#0"},
				"down": {"uv": [10, 0, 5, 5], "texture": "#0"}
			}
		},
		{
			"from": [4, 1, 2],
			"to": [12, 5, 4],
			"rotation": {"angle": 0, "axis": "x", "origin": [8, 3, 3]},
			"faces": {
				"north": {"uv": [0, 11.5, 4, 13.5], "texture": "#0"},
				"east": {"uv": [4, 11.5, 5, 13.5], "texture": "#0"},
				"south": {"uv": [5, 11.5, 9, 13.5], "texture": "#0"},
				"west": {"uv": [9, 11.5, 10, 13.5], "texture": "#0"},
				"up": {"uv": [0, 11.5, 4, 10.5], "texture": "#0"},
				"down": {"uv": [5, 10.5, 9, 11.5], "texture": "#0"}
			}
		},
		{
			"from": [3, -4, 5],
			"to": [4, 0, 11],
			"faces": {
				"north": {"uv": [0, 8, 0.5, 10], "texture": "#0"},
				"east": {"uv": [0.5, 8, 3.5, 10], "texture": "#0"},
				"south": {"uv": [3.5, 8, 4, 10], "texture": "#0"},
				"west": {"uv": [4, 8, 7, 10], "texture": "#0"},
				"down": {"uv": [4, 7.5, 7, 8], "rotation": 90, "texture": "#0"}
			}
		},
		{
			"from": [12, -4, 5],
			"to": [13, 0, 11],
			"faces": {
				"north": {"uv": [0, 8, 0.5, 10], "texture": "#0"},
				"east": {"uv": [0.5, 8, 3.5, 10], "texture": "#0"},
				"south": {"uv": [3.5, 8, 4, 10], "texture": "#0"},
				"west": {"uv": [4, 8, 7, 10], "texture": "#0"},
				"down": {"uv": [4, 7.5, 7, 8], "rotation": 90, "texture": "#0"}
			}
		}
	],
	"display": {
		"thirdperson_righthand": {
			"rotation": [75, 45, 0],
			"translation": [0, 2.5, 0],
			"scale": [0.375, 0.375, 0.375]
		},
		"thirdperson_lefthand": {
			"rotation": [75, 45, 0],
			"translation": [0, 2.5, 0],
			"scale": [0.375, 0.375, 0.375]
		},
		"firstperson_righthand": {
			"rotation": [0, 100, 0],
			"translation": [-0.5, 3.25, 3.5],
			"scale": [0.4, 0.4, 0.4]
		},
		"firstperson_lefthand": {
			"rotation": [0, 100, 0],
			"translation": [-0.5, 3.75, 3.5],
			"scale": [0.4, 0.4, 0.4]
		},
		"ground": {
			"translation": [0, 4.5, 0],
			"scale": [0.5, 0.5, 0.5]
		},
		"gui": {
			"rotation": [30, 225, 0],
			"translation": [0, 6.5, 0]
		},
		"head": {
			"translation": [0, 15.5, 0],
			"scale": [1.66, 1.66, 1.66]
		},
		"fixed": {
			"translation": [0, -2.25, -7.75],
			"scale": [1.54, 1.54, 1.54]
		}
	}
}