{
	"providers": [
        {
            "type": "bitmap",
			"file": "custom:ui/dialogue/talk_cloud.png",
			"ascent": 9,
			"height": 13,
			"chars": ["\uE001"]
		},
        {
            "type": "bitmap",
			"file": "custom:ui/dialogue/gid.png",
			"ascent": 6,
			"height": 50,
			"chars": ["\uD001"]
		},
        {
            "type": "bitmap",
			"file": "custom:ui/dialogue/gilbert.png",
			"ascent": 6,
			"height": 50,
			"chars": ["\uD002"]
		},
        {
            "type": "bitmap",
			"file": "custom:ui/dialogue/karl.png",
			"ascent": 6,
			"height": 50,
			"chars": ["\uD003"]
		},
        {
            "type": "bitmap",
			"file": "custom:ui/dialogue/birthday.png",
			"ascent": 6,
			"height": 50,
			"chars": ["\uD004"]
		},
        {
            "type": "bitmap",
			"file": "custom:ui/dialogue/discord.png",
			"ascent": 6,
			"height": 50,
			"chars": ["\uD005"]
		},
        {
            "type": "bitmap",
			"file": "custom:ui/dialogue/quest_complite.png",
			"ascent": 6,
			"height": 50,
			"chars": ["\uD006"]
		},
        {
            "type": "bitmap",
			"file": "custom:ui/dialogue/halloween.png",
			"ascent": 6,
			"height": 50,
			"chars": ["\uD007"]
		}
	]
}