{
	"credit": "Made with Blockbench",
	"texture_size": [256, 256],
	"textures": {
		"0": "custom:item/ui/gui_reroll",
		"particle": "custom:item/ui/gui_reroll"
	},
	"elements": [
		{
			"from": [-14, -4.2, 7],
			"to": [30, 9.55, 7],
			"faces": {
				"north": {"uv": [0, 0, 11, 3.4375], "texture": "#0"}
			}
		}
	],
	"gui_light": "front",
	"display": {
		"ground": {
			"translation": [0, 3, 0],
			"scale": [0.25, 0.25, 0.25]
		},
		"gui": {
			"rotation": [0, 180, 0],
			"translation": [-72, 38, -80],
			"scale": [4, 4, 4]
		},
		"head": {
			"translation": [0, 15, -2.25],
			"scale": [3, 3, 3]
		}
	}
}